date,strategy,asset,weight
2022-07-12,Equal Weight,Japan Equity,0.05555555555555555
2022-07-12,Equal Weight,US Equity,0.05555555555555555
2022-07-12,Equal Weight,Europe Equity,0.05555555555555555
2022-07-12,Equal Weight,Emerging Equity,0.05555555555555555
2022-07-12,Equal Weight,Japan Government Bond,0.05555555555555555
2022-07-12,Equal Weight,US Treasury 7-10Y,0.05555555555555555
2022-07-12,Equal Weight,Germany Government Bond,0.05555555555555555
2022-07-12,Equal Weight,UK Gilt,0.05555555555555555
2022-07-12,Equal Weight,US IG,0.05555555555555555
2022-07-12,Equal Weight,US HY,0.05555555555555555
2022-07-12,Equal Weight,Europe IG,0.05555555555555555
2022-07-12,Equal Weight,Europe HY,0.05555555555555555
2022-07-12,Equal Weight,US REIT,0.05555555555555555
2022-07-12,Equal Weight,Japan REIT,0.05555555555555555
2022-07-12,Equal Weight,Europe REIT,0.05555555555555555
2022-07-12,Equal Weight,Crude Oil,0.05555555555555555
2022-07-12,Equal Weight,Gold,0.05555555555555555
2022-07-12,Equal Weight,Copper,0.05555555555555555
2022-07-12,Shrinkage Risk Parity,Japan Equity,0.046082665824214275
2022-07-12,Shrinkage Risk Parity,US Equity,0.02952808595757562
2022-07-12,Shrinkage Risk Parity,Europe Equity,0.028414712711796044
2022-07-12,Shrinkage Risk Parity,Emerging Equity,0.028824809242177504
2022-07-12,Shrinkage Risk Parity,Japan Government Bond,0.19999999999999993
2022-07-12,Shrinkage Risk Parity,US Treasury 7-10Y,0.08128462813950205
2022-07-12,Shrinkage Risk Parity,Germany Government Bond,0.06931968416733951
2022-07-12,Shrinkage Risk Parity,UK Gilt,0.056939357443081685
2022-07-12,Shrinkage Risk Parity,US IG,0.058889824916360446
2022-07-12,Shrinkage Risk Parity,US HY,0.05087336910391044
2022-07-12,Shrinkage Risk Parity,Europe IG,0.057948262463907135
2022-07-12,Shrinkage Risk Parity,Europe HY,0.048953157035794864
2022-07-12,Shrinkage Risk Parity,US REIT,0.02840308181284813
2022-07-12,Shrinkage Risk Parity,Japan REIT,0.0759646918034372
2022-07-12,Shrinkage Risk Parity,Europe REIT,0.030365141870706252
2022-07-12,Shrinkage Risk Parity,Crude Oil,0.024827123309869754
2022-07-12,Shrinkage Risk Parity,Gold,0.050394572070843954
2022-07-12,Shrinkage Risk Parity,Copper,0.03298683212663505
2022-07-12,cDCC Risk Parity,Japan Equity,0.04782693084670302
2022-07-12,cDCC Risk Parity,US Equity,0.033948417287548945
2022-07-12,cDCC Risk Parity,Europe Equity,0.0289939164966707
2022-07-12,cDCC Risk Parity,Emerging Equity,0.03210569870810709
2022-07-12,cDCC Risk Parity,Japan Government Bond,0.19999999999999996
2022-07-12,cDCC Risk Parity,US Treasury 7-10Y,0.05480620338777407
2022-07-12,cDCC Risk Parity,Germany Government Bond,0.05934536162580853
2022-07-12,cDCC Risk Parity,UK Gilt,0.051160766022449324
2022-07-12,cDCC Risk Parity,US IG,0.06521982334396269
2022-07-12,cDCC Risk Parity,US HY,0.038691210422246484
2022-07-12,cDCC Risk Parity,Europe IG,0.06567954169985228
2022-07-12,cDCC Risk Parity,Europe HY,0.05199966852418826
2022-07-12,cDCC Risk Parity,US REIT,0.04219702128479378
2022-07-12,cDCC Risk Parity,Japan REIT,0.09192805749438805
2022-07-12,cDCC Risk Parity,Europe REIT,0.027167464547776986
2022-07-12,cDCC Risk Parity,Crude Oil,0.021099198540048242
2022-07-12,cDCC Risk Parity,Gold,0.0550524753564744
2022-07-12,cDCC Risk Parity,Copper,0.03277824441120707
2022-07-12,Shrinkage Minimum Variance,Japan Equity,0.011222191567185296
2022-07-12,Shrinkage Minimum Variance,US Equity,0.0
2022-07-12,Shrinkage Minimum Variance,Europe Equity,3.473807635284945e-18
2022-07-12,Shrinkage Minimum Variance,Emerging Equity,1.8829465281892237e-17
2022-07-12,Shrinkage Minimum Variance,Japan Government Bond,0.20000000000000004
2022-07-12,Shrinkage Minimum Variance,US Treasury 7-10Y,0.20000000000000004
2022-07-12,Shrinkage Minimum Variance,Germany Government Bond,0.09612159272144123
2022-07-12,Shrinkage Minimum Variance,UK Gilt,0.0
2022-07-12,Shrinkage Minimum Variance,US IG,0.0034151523546817612
2022-07-12,Shrinkage Minimum Variance,US HY,0.17781951392842257
2022-07-12,Shrinkage Minimum Variance,Europe IG,0.10056787849560987
2022-07-12,Shrinkage Minimum Variance,Europe HY,0.025414621361460613
2022-07-12,Shrinkage Minimum Variance,US REIT,6.014906477047846e-18
2022-07-12,Shrinkage Minimum Variance,Japan REIT,0.1473819426738511
2022-07-12,Shrinkage Minimum Variance,Europe REIT,0.0
2022-07-12,Shrinkage Minimum Variance,Crude Oil,2.348947881331234e-18
2022-07-12,Shrinkage Minimum Variance,Gold,0.028411231038485748
2022-07-12,Shrinkage Minimum Variance,Copper,0.009645875858861742
2022-07-12,cDCC Minimum Variance,Japan Equity,0.012217213118190053
2022-07-12,cDCC Minimum Variance,US Equity,0.0
2022-07-12,cDCC Minimum Variance,Europe Equity,0.0
2022-07-12,cDCC Minimum Variance,Emerging Equity,3.1199361745297984e-17
2022-07-12,cDCC Minimum Variance,Japan Government Bond,0.2
2022-07-12,cDCC Minimum Variance,US Treasury 7-10Y,0.0
2022-07-12,cDCC Minimum Variance,Germany Government Bond,0.0
2022-07-12,cDCC Minimum Variance,UK Gilt,9.205494559017354e-18
2022-07-12,cDCC Minimum Variance,US IG,0.20000000000000004
2022-07-12,cDCC Minimum Variance,US HY,2.4018879732886486e-18
2022-07-12,cDCC Minimum Variance,Europe IG,0.20000000000000004
2022-07-12,cDCC Minimum Variance,Europe HY,0.061224730425060506
2022-07-12,cDCC Minimum Variance,US REIT,0.02803152343776789
2022-07-12,cDCC Minimum Variance,Japan REIT,0.2
2022-07-12,cDCC Minimum Variance,Europe REIT,0.0
2022-07-12,cDCC Minimum Variance,Crude Oil,0.0
2022-07-12,cDCC Minimum Variance,Gold,0.09024053459800994
2022-07-12,cDCC Minimum Variance,Copper,0.008285998420971464
2022-10-03,Equal Weight,Japan Equity,0.05555555555555555
2022-10-03,Equal Weight,US Equity,0.05555555555555555
2022-10-03,Equal Weight,Europe Equity,0.05555555555555555
2022-10-03,Equal Weight,Emerging Equity,0.05555555555555555
2022-10-03,Equal Weight,Japan Government Bond,0.05555555555555555
2022-10-03,Equal Weight,US Treasury 7-10Y,0.05555555555555555
2022-10-03,Equal Weight,Germany Government Bond,0.05555555555555555
2022-10-03,Equal Weight,UK Gilt,0.05555555555555555
2022-10-03,Equal Weight,US IG,0.05555555555555555
2022-10-03,Equal Weight,US HY,0.05555555555555555
2022-10-03,Equal Weight,Europe IG,0.05555555555555555
2022-10-03,Equal Weight,Europe HY,0.05555555555555555
2022-10-03,Equal Weight,US REIT,0.05555555555555555
2022-10-03,Equal Weight,Japan REIT,0.05555555555555555
2022-10-03,Equal Weight,Europe REIT,0.05555555555555555
2022-10-03,Equal Weight,Crude Oil,0.05555555555555555
2022-10-03,Equal Weight,Gold,0.05555555555555555
2022-10-03,Equal Weight,Copper,0.05555555555555555
2022-10-03,Shrinkage Risk Parity,Japan Equity,0.05296612941172111
2022-10-03,Shrinkage Risk Parity,US Equity,0.03025885849876332
2022-10-03,Shrinkage Risk Parity,Europe Equity,0.028614930686438545
2022-10-03,Shrinkage Risk Parity,Emerging Equity,0.03062806811139857
2022-10-03,Shrinkage Risk Parity,Japan Government Bond,0.20000000000000004
2022-10-03,Shrinkage Risk Parity,US Treasury 7-10Y,0.07453888012066012
2022-10-03,Shrinkage Risk Parity,Germany Government Bond,0.06754659744433374
2022-10-03,Shrinkage Risk Parity,UK Gilt,0.051256162647131745
2022-10-03,Shrinkage Risk Parity,US IG,0.055790699872892
2022-10-03,Shrinkage Risk Parity,US HY,0.04937496291610882
2022-10-03,Shrinkage Risk Parity,Europe IG,0.05749535653428453
2022-10-03,Shrinkage Risk Parity,Europe HY,0.04791401432702043
2022-10-03,Shrinkage Risk Parity,US REIT,0.02876539078277758
2022-10-03,Shrinkage Risk Parity,Japan REIT,0.08392229857419961
2022-10-03,Shrinkage Risk Parity,Europe REIT,0.028839080775864934
2022-10-03,Shrinkage Risk Parity,Crude Oil,0.02679659330656146
2022-10-03,Shrinkage Risk Parity,Gold,0.0503426561755395
2022-10-03,Shrinkage Risk Parity,Copper,0.0349493198143041
2022-10-03,cDCC Risk Parity,Japan Equity,0.06987898862840951
2022-10-03,cDCC Risk Parity,US Equity,0.03374442320037795
2022-10-03,cDCC Risk Parity,Europe Equity,0.03422328555148381
2022-10-03,cDCC Risk Parity,Emerging Equity,0.0451347102011787
2022-10-03,cDCC Risk Parity,Japan Government Bond,0.2
2022-10-03,cDCC Risk Parity,US Treasury 7-10Y,0.06330102825363408
2022-10-03,cDCC Risk Parity,Germany Government Bond,0.054451524817398206
2022-10-03,cDCC Risk Parity,UK Gilt,0.016939423269982667
2022-10-03,cDCC Risk Parity,US IG,0.05091191591418961
2022-10-03,cDCC Risk Parity,US HY,0.046104768479620375
2022-10-03,cDCC Risk Parity,Europe IG,0.03758553314555366
2022-10-03,cDCC Risk Parity,Europe HY,0.03393475220407783
2022-10-03,cDCC Risk Parity,US REIT,0.03206187603849229
2022-10-03,cDCC Risk Parity,Japan REIT,0.11223307584251933
2022-10-03,cDCC Risk Parity,Europe REIT,0.01933611238074966
2022-10-03,cDCC Risk Parity,Crude Oil,0.034625703211163164
2022-10-03,cDCC Risk Parity,Gold,0.0678116177133695
2022-10-03,cDCC Risk Parity,Copper,0.047721261147799704
2022-10-03,Shrinkage Minimum Variance,Japan Equity,0.03680748715598647
2022-10-03,Shrinkage Minimum Variance,US Equity,5.0899177667879904e-18
2022-10-03,Shrinkage Minimum Variance,Europe Equity,3.2762675153757446e-17
2022-10-03,Shrinkage Minimum Variance,Emerging Equity,2.4792764216094142e-17
2022-10-03,Shrinkage Minimum Variance,Japan Government Bond,0.19999999999999996
2022-10-03,Shrinkage Minimum Variance,US Treasury 7-10Y,0.19999999999999996
2022-10-03,Shrinkage Minimum Variance,Germany Government Bond,0.09712203892419224
2022-10-03,Shrinkage Minimum Variance,UK Gilt,0.0
2022-10-03,Shrinkage Minimum Variance,US IG,0.0
2022-10-03,Shrinkage Minimum Variance,US HY,0.14391184640771662
2022-10-03,Shrinkage Minimum Variance,Europe IG,0.10643960285235507
2022-10-03,Shrinkage Minimum Variance,Europe HY,0.0
2022-10-03,Shrinkage Minimum Variance,US REIT,0.0
2022-10-03,Shrinkage Minimum Variance,Japan REIT,0.17385905924437053
2022-10-03,Shrinkage Minimum Variance,Europe REIT,0.0
2022-10-03,Shrinkage Minimum Variance,Crude Oil,0.0011002156860303717
2022-10-03,Shrinkage Minimum Variance,Gold,0.023591284992273573
2022-10-03,Shrinkage Minimum Variance,Copper,0.017168464737075045
2022-10-03,cDCC Minimum Variance,Japan Equity,0.1079282209725019
2022-10-03,cDCC Minimum Variance,US Equity,4.830437971494162e-18
2022-10-03,cDCC Minimum Variance,Europe Equity,0.0
2022-10-03,cDCC Minimum Variance,Emerging Equity,0.05437316596952064
2022-10-03,cDCC Minimum Variance,Japan Government Bond,0.20000000000000004
2022-10-03,cDCC Minimum Variance,US Treasury 7-10Y,0.15593988973680065
2022-10-03,cDCC Minimum Variance,Germany Government Bond,0.07348535169760816
2022-10-03,cDCC Minimum Variance,UK Gilt,0.0
2022-10-03,cDCC Minimum Variance,US IG,0.0
2022-10-03,cDCC Minimum Variance,US HY,0.013992444284942061
2022-10-03,cDCC Minimum Variance,Europe IG,0.0
2022-10-03,cDCC Minimum Variance,Europe HY,0.0
2022-10-03,cDCC Minimum Variance,US REIT,2.2986078420948402e-18
2022-10-03,cDCC Minimum Variance,Japan REIT,0.20000000000000004
2022-10-03,cDCC Minimum Variance,Europe REIT,6.0643153089152555e-18
2022-10-03,cDCC Minimum Variance,Crude Oil,1.0646964570233225e-17
2022-10-03,cDCC Minimum Variance,Gold,0.17141387440075317
2022-10-03,cDCC Minimum Variance,Copper,0.022867052937873278
2023-01-04,Equal Weight,Japan Equity,0.05555555555555555
2023-01-04,Equal Weight,US Equity,0.05555555555555555
2023-01-04,Equal Weight,Europe Equity,0.05555555555555555
2023-01-04,Equal Weight,Emerging Equity,0.05555555555555555
2023-01-04,Equal Weight,Japan Government Bond,0.05555555555555555
2023-01-04,Equal Weight,US Treasury 7-10Y,0.05555555555555555
2023-01-04,Equal Weight,Germany Government Bond,0.05555555555555555
2023-01-04,Equal Weight,UK Gilt,0.05555555555555555
2023-01-04,Equal Weight,US IG,0.05555555555555555
2023-01-04,Equal Weight,US HY,0.05555555555555555
2023-01-04,Equal Weight,Europe IG,0.05555555555555555
2023-01-04,Equal Weight,Europe HY,0.05555555555555555
2023-01-04,Equal Weight,US REIT,0.05555555555555555
2023-01-04,Equal Weight,Japan REIT,0.05555555555555555
2023-01-04,Equal Weight,Europe REIT,0.05555555555555555
2023-01-04,Equal Weight,Crude Oil,0.05555555555555555
2023-01-04,Equal Weight,Gold,0.05555555555555555
2023-01-04,Equal Weight,Copper,0.05555555555555555
2023-01-04,Shrinkage Risk Parity,Japan Equity,0.0596043576747373
2023-01-04,Shrinkage Risk Parity,US Equity,0.02991164690318595
2023-01-04,Shrinkage Risk Parity,Europe Equity,0.02791374228353181
2023-01-04,Shrinkage Risk Parity,Emerging Equity,0.030314713001501934
2023-01-04,Shrinkage Risk Parity,Japan Government Bond,0.2
2023-01-04,Shrinkage Risk Parity,US Treasury 7-10Y,0.06675451949858696
2023-01-04,Shrinkage Risk Parity,Germany Government Bond,0.07024825471764061
2023-01-04,Shrinkage Risk Parity,UK Gilt,0.053667403713398044
2023-01-04,Shrinkage Risk Parity,US IG,0.05195550010380214
2023-01-04,Shrinkage Risk Parity,US HY,0.046683761237454116
2023-01-04,Shrinkage Risk Parity,Europe IG,0.057766141938639284
2023-01-04,Shrinkage Risk Parity,Europe HY,0.048867639399696815
2023-01-04,Shrinkage Risk Parity,US REIT,0.02773830853097471
2023-01-04,Shrinkage Risk Parity,Japan REIT,0.08785487252195358
2023-01-04,Shrinkage Risk Parity,Europe REIT,0.030543576987426175
2023-01-04,Shrinkage Risk Parity,Crude Oil,0.028757245270005255
2023-01-04,Shrinkage Risk Parity,Gold,0.047490010129684686
2023-01-04,Shrinkage Risk Parity,Copper,0.03392830608778066
2023-01-04,cDCC Risk Parity,Japan Equity,0.08572917105776351
2023-01-04,cDCC Risk Parity,US Equity,0.028538577139637727
2023-01-04,cDCC Risk Parity,Europe Equity,0.02905470621302575
2023-01-04,cDCC Risk Parity,Emerging Equity,0.029762639069096555
2023-01-04,cDCC Risk Parity,Japan Government Bond,0.2
2023-01-04,cDCC Risk Parity,US Treasury 7-10Y,0.03984863893262719
2023-01-04,cDCC Risk Parity,Germany Government Bond,0.05945809052494359
2023-01-04,cDCC Risk Parity,UK Gilt,0.0546066223572784
2023-01-04,cDCC Risk Parity,US IG,0.034073228070318325
2023-01-04,cDCC Risk Parity,US HY,0.0314933261480257
2023-01-04,cDCC Risk Parity,Europe IG,0.046606632474081255
2023-01-04,cDCC Risk Parity,Europe HY,0.04749264656363269
2023-01-04,cDCC Risk Parity,US REIT,0.026503269278507584
2023-01-04,cDCC Risk Parity,Japan REIT,0.11441251685776814
2023-01-04,cDCC Risk Parity,Europe REIT,0.03682438955038574
2023-01-04,cDCC Risk Parity,Crude Oil,0.04502518431750319
2023-01-04,cDCC Risk Parity,Gold,0.053702741176097114
2023-01-04,cDCC Risk Parity,Copper,0.03686762026930752
2023-01-04,Shrinkage Minimum Variance,Japan Equity,0.06125311235223725
2023-01-04,Shrinkage Minimum Variance,US Equity,1.5347147912449448e-17
2023-01-04,Shrinkage Minimum Variance,Europe Equity,0.0
2023-01-04,Shrinkage Minimum Variance,Emerging Equity,3.641576097868648e-18
2023-01-04,Shrinkage Minimum Variance,Japan Government Bond,0.19999999999999996
2023-01-04,Shrinkage Minimum Variance,US Treasury 7-10Y,0.19999999999999993
2023-01-04,Shrinkage Minimum Variance,Germany Government Bond,0.1269179924247763
2023-01-04,Shrinkage Minimum Variance,UK Gilt,1.5527928499395436e-18
2023-01-04,Shrinkage Minimum Variance,US IG,2.1193792830872253e-17
2023-01-04,Shrinkage Minimum Variance,US HY,0.10699170000421562
2023-01-04,Shrinkage Minimum Variance,Europe IG,0.09377909792219855
2023-01-04,Shrinkage Minimum Variance,Europe HY,3.162540778843408e-17
2023-01-04,Shrinkage Minimum Variance,US REIT,0.0
2023-01-04,Shrinkage Minimum Variance,Japan REIT,0.17500510485067325
2023-01-04,Shrinkage Minimum Variance,Europe REIT,0.0
2023-01-04,Shrinkage Minimum Variance,Crude Oil,0.007457258299067457
2023-01-04,Shrinkage Minimum Variance,Gold,0.016985952874283006
2023-01-04,Shrinkage Minimum Variance,Copper,0.011609781272548417
2023-01-04,cDCC Minimum Variance,Japan Equity,0.1597450636105308
2023-01-04,cDCC Minimum Variance,US Equity,3.985535691698801e-18
2023-01-04,cDCC Minimum Variance,Europe Equity,0.0
2023-01-04,cDCC Minimum Variance,Emerging Equity,6.865325585384671e-19
2023-01-04,cDCC Minimum Variance,Japan Government Bond,0.20000000000000004
2023-01-04,cDCC Minimum Variance,US Treasury 7-10Y,0.0
2023-01-04,cDCC Minimum Variance,Germany Government Bond,0.15575928548126602
2023-01-04,cDCC Minimum Variance,UK Gilt,0.00019646906581557484
2023-01-04,cDCC Minimum Variance,US IG,0.0
2023-01-04,cDCC Minimum Variance,US HY,0.0
2023-01-04,cDCC Minimum Variance,Europe IG,0.0
2023-01-04,cDCC Minimum Variance,Europe HY,0.050249299417309
2023-01-04,cDCC Minimum Variance,US REIT,2.2424876131097546e-19
2023-01-04,cDCC Minimum Variance,Japan REIT,0.20000000000000004
2023-01-04,cDCC Minimum Variance,Europe REIT,0.0
2023-01-04,cDCC Minimum Variance,Crude Oil,0.04171245283018412
2023-01-04,cDCC Minimum Variance,Gold,0.19233742959489442
2023-01-04,cDCC Minimum Variance,Copper,1.0393833153551446e-17
2023-04-03,Equal Weight,Japan Equity,0.05555555555555555
2023-04-03,Equal Weight,US Equity,0.05555555555555555
2023-04-03,Equal Weight,Europe Equity,0.05555555555555555
2023-04-03,Equal Weight,Emerging Equity,0.05555555555555555
2023-04-03,Equal Weight,Japan Government Bond,0.05555555555555555
2023-04-03,Equal Weight,US Treasury 7-10Y,0.05555555555555555
2023-04-03,Equal Weight,Germany Government Bond,0.05555555555555555
2023-04-03,Equal Weight,UK Gilt,0.05555555555555555
2023-04-03,Equal Weight,US IG,0.05555555555555555
2023-04-03,Equal Weight,US HY,0.05555555555555555
2023-04-03,Equal Weight,Europe IG,0.05555555555555555
2023-04-03,Equal Weight,Europe HY,0.05555555555555555
2023-04-03,Equal Weight,US REIT,0.05555555555555555
2023-04-03,Equal Weight,Japan REIT,0.05555555555555555
2023-04-03,Equal Weight,Europe REIT,0.05555555555555555
2023-04-03,Equal Weight,Crude Oil,0.05555555555555555
2023-04-03,Equal Weight,Gold,0.05555555555555555
2023-04-03,Equal Weight,Copper,0.05555555555555555
2023-04-03,Shrinkage Risk Parity,Japan Equity,0.06071938185358563
2023-04-03,Shrinkage Risk Parity,US Equity,0.03058277998710236
2023-04-03,Shrinkage Risk Parity,Europe Equity,0.02879014465772078
2023-04-03,Shrinkage Risk Parity,Emerging Equity,0.03089308178456257
2023-04-03,Shrinkage Risk Parity,Japan Government Bond,0.20000000000000004
2023-04-03,Shrinkage Risk Parity,US Treasury 7-10Y,0.0627815442878748
2023-04-03,Shrinkage Risk Parity,Germany Government Bond,0.06839284618061169
2023-04-03,Shrinkage Risk Parity,UK Gilt,0.05428311831672004
2023-04-03,Shrinkage Risk Parity,US IG,0.05054520927223689
2023-04-03,Shrinkage Risk Parity,US HY,0.04596836064808585
2023-04-03,Shrinkage Risk Parity,Europe IG,0.05754160992641527
2023-04-03,Shrinkage Risk Parity,Europe HY,0.04972963170831467
2023-04-03,Shrinkage Risk Parity,US REIT,0.027921056271062825
2023-04-03,Shrinkage Risk Parity,Japan REIT,0.09088372237278702
2023-04-03,Shrinkage Risk Parity,Europe REIT,0.030759703981902923
2023-04-03,Shrinkage Risk Parity,Crude Oil,0.029367209676670964
2023-04-03,Shrinkage Risk Parity,Gold,0.0467637931833567
2023-04-03,Shrinkage Risk Parity,Copper,0.03407680589098915
2023-04-03,cDCC Risk Parity,Japan Equity,0.06161243010778308
2023-04-03,cDCC Risk Parity,US Equity,0.037682053642770864
2023-04-03,cDCC Risk Parity,Europe Equity,0.03353601924241531
2023-04-03,cDCC Risk Parity,Emerging Equity,0.03617748178483535
2023-04-03,cDCC Risk Parity,Japan Government Bond,0.19999999999999993
2023-04-03,cDCC Risk Parity,US Treasury 7-10Y,0.04252565541623454
2023-04-03,cDCC Risk Parity,Germany Government Bond,0.055414850119877755
2023-04-03,cDCC Risk Parity,UK Gilt,0.06292242680451499
2023-04-03,cDCC Risk Parity,US IG,0.041535995900561846
2023-04-03,cDCC Risk Parity,US HY,0.03872020791296593
2023-04-03,cDCC Risk Parity,Europe IG,0.04979431456500092
2023-04-03,cDCC Risk Parity,Europe HY,0.05213125842853576
2023-04-03,cDCC Risk Parity,US REIT,0.02655589459281572
2023-04-03,cDCC Risk Parity,Japan REIT,0.1197591056400215
2023-04-03,cDCC Risk Parity,Europe REIT,0.024251421492829082
2023-04-03,cDCC Risk Parity,Crude Oil,0.02928467546875139
2023-04-03,cDCC Risk Parity,Gold,0.048069709983721114
2023-04-03,cDCC Risk Parity,Copper,0.04002649889636497
2023-04-03,Shrinkage Minimum Variance,Japan Equity,0.06263467550203106
2023-04-03,Shrinkage Minimum Variance,US Equity,0.0
2023-04-03,Shrinkage Minimum Variance,Europe Equity,7.477269419565548e-19
2023-04-03,Shrinkage Minimum Variance,Emerging Equity,4.221411283438494e-18
2023-04-03,Shrinkage Minimum Variance,Japan Government Bond,0.19999999999999993
2023-04-03,Shrinkage Minimum Variance,US Treasury 7-10Y,0.1892568663137986
2023-04-03,Shrinkage Minimum Variance,Germany Government Bond,0.12645554714388926
2023-04-03,Shrinkage Minimum Variance,UK Gilt,2.3668440719449976e-17
2023-04-03,Shrinkage Minimum Variance,US IG,0.0
2023-04-03,Shrinkage Minimum Variance,US HY,0.10342685203858365
2023-04-03,Shrinkage Minimum Variance,Europe IG,0.08573637801647807
2023-04-03,Shrinkage Minimum Variance,Europe HY,0.010339794447616504
2023-04-03,Shrinkage Minimum Variance,US REIT,1.515660663249151e-17
2023-04-03,Shrinkage Minimum Variance,Japan REIT,0.1872574248523604
2023-04-03,Shrinkage Minimum Variance,Europe REIT,8.334603275305375e-18
2023-04-03,Shrinkage Minimum Variance,Crude Oil,0.009937562509129937
2023-04-03,Shrinkage Minimum Variance,Gold,0.01362116583337715
2023-04-03,Shrinkage Minimum Variance,Copper,0.011333733342735429
2023-04-03,cDCC Minimum Variance,Japan Equity,0.09976141431243055
2023-04-03,cDCC Minimum Variance,US Equity,0.0684474980783473
2023-04-03,cDCC Minimum Variance,Europe Equity,1.7584077684549405e-17
2023-04-03,cDCC Minimum Variance,Emerging Equity,6.441942457056972e-18
2023-04-03,cDCC Minimum Variance,Japan Government Bond,0.19999999999999998
2023-04-03,cDCC Minimum Variance,US Treasury 7-10Y,1.9490027941898363e-17
2023-04-03,cDCC Minimum Variance,Germany Government Bond,0.007997757696329768
2023-04-03,cDCC Minimum Variance,UK Gilt,0.17106131128942104
2023-04-03,cDCC Minimum Variance,US IG,0.008995334000092794
2023-04-03,cDCC Minimum Variance,US HY,0.0
2023-04-03,cDCC Minimum Variance,Europe IG,0.0
2023-04-03,cDCC Minimum Variance,Europe HY,0.12173069172652923
2023-04-03,cDCC Minimum Variance,US REIT,0.0
2023-04-03,cDCC Minimum Variance,Japan REIT,0.2
2023-04-03,cDCC Minimum Variance,Europe REIT,0.0
2023-04-03,cDCC Minimum Variance,Crude Oil,0.0
2023-04-03,cDCC Minimum Variance,Gold,0.08876353881191287
2023-04-03,cDCC Minimum Variance,Copper,0.033242454084936396
2023-07-03,Equal Weight,Japan Equity,0.05555555555555555
2023-07-03,Equal Weight,US Equity,0.05555555555555555
2023-07-03,Equal Weight,Europe Equity,0.05555555555555555
2023-07-03,Equal Weight,Emerging Equity,0.05555555555555555
2023-07-03,Equal Weight,Japan Government Bond,0.05555555555555555
2023-07-03,Equal Weight,US Treasury 7-10Y,0.05555555555555555
2023-07-03,Equal Weight,Germany Government Bond,0.05555555555555555
2023-07-03,Equal Weight,UK Gilt,0.05555555555555555
2023-07-03,Equal Weight,US IG,0.05555555555555555
2023-07-03,Equal Weight,US HY,0.05555555555555555
2023-07-03,Equal Weight,Europe IG,0.05555555555555555
2023-07-03,Equal Weight,Europe HY,0.05555555555555555
2023-07-03,Equal Weight,US REIT,0.05555555555555555
2023-07-03,Equal Weight,Japan REIT,0.05555555555555555
2023-07-03,Equal Weight,Europe REIT,0.05555555555555555
2023-07-03,Equal Weight,Crude Oil,0.05555555555555555
2023-07-03,Equal Weight,Gold,0.05555555555555555
2023-07-03,Equal Weight,Copper,0.05555555555555555
2023-07-03,Shrinkage Risk Parity,Japan Equity,0.06116033894611293
2023-07-03,Shrinkage Risk Parity,US Equity,0.031044524064053416
2023-07-03,Shrinkage Risk Parity,Europe Equity,0.029228434830205766
2023-07-03,Shrinkage Risk Parity,Emerging Equity,0.03119742920693324
2023-07-03,Shrinkage Risk Parity,Japan Government Bond,0.2
2023-07-03,Shrinkage Risk Parity,US Treasury 7-10Y,0.06186628397772528
2023-07-03,Shrinkage Risk Parity,Germany Government Bond,0.06804663327343613
2023-07-03,Shrinkage Risk Parity,UK Gilt,0.054200823912946554
2023-07-03,Shrinkage Risk Parity,US IG,0.05023011046274118
2023-07-03,Shrinkage Risk Parity,US HY,0.045975499409308486
2023-07-03,Shrinkage Risk Parity,Europe IG,0.0575125870709164
2023-07-03,Shrinkage Risk Parity,Europe HY,0.04971587988895976
2023-07-03,Shrinkage Risk Parity,US REIT,0.028376194053980997
2023-07-03,Shrinkage Risk Parity,Japan REIT,0.09066067790727934
2023-07-03,Shrinkage Risk Parity,Europe REIT,0.031008750662917053
2023-07-03,Shrinkage Risk Parity,Crude Oil,0.02938904969377041
2023-07-03,Shrinkage Risk Parity,Gold,0.04616744760659701
2023-07-03,Shrinkage Risk Parity,Copper,0.034219335032116154
2023-07-03,cDCC Risk Parity,Japan Equity,0.05705491487399323
2023-07-03,cDCC Risk Parity,US Equity,0.04159871338119189
2023-07-03,cDCC Risk Parity,Europe Equity,0.03714264298953389
2023-07-03,cDCC Risk Parity,Emerging Equity,0.035493476015013764
2023-07-03,cDCC Risk Parity,Japan Government Bond,0.2
2023-07-03,cDCC Risk Parity,US Treasury 7-10Y,0.04854439614025975
2023-07-03,cDCC Risk Parity,Germany Government Bond,0.058698636852941126
2023-07-03,cDCC Risk Parity,UK Gilt,0.05471338939743559
2023-07-03,cDCC Risk Parity,US IG,0.046182576560709676
2023-07-03,cDCC Risk Parity,US HY,0.05124314664543455
2023-07-03,cDCC Risk Parity,Europe IG,0.053070030537106
2023-07-03,cDCC Risk Parity,Europe HY,0.052957547986424214
2023-07-03,cDCC Risk Parity,US REIT,0.033365957199121075
2023-07-03,cDCC Risk Parity,Japan REIT,0.09435785640631661
2023-07-03,cDCC Risk Parity,Europe REIT,0.029219666307883127
2023-07-03,cDCC Risk Parity,Crude Oil,0.029743646749312916
2023-07-03,cDCC Risk Parity,Gold,0.04419984541094706
2023-07-03,cDCC Risk Parity,Copper,0.03241355654637556
2023-07-03,Shrinkage Minimum Variance,Japan Equity,0.06718661950560675
2023-07-03,Shrinkage Minimum Variance,US Equity,8.493936401740651e-18
2023-07-03,Shrinkage Minimum Variance,Europe Equity,0.0
2023-07-03,Shrinkage Minimum Variance,Emerging Equity,8.69719237342104e-19
2023-07-03,Shrinkage Minimum Variance,Japan Government Bond,0.20000000000000007
2023-07-03,Shrinkage Minimum Variance,US Treasury 7-10Y,0.17974106676905582
2023-07-03,Shrinkage Minimum Variance,Germany Government Bond,0.12481975822647808
2023-07-03,Shrinkage Minimum Variance,UK Gilt,4.567091658269713e-18
2023-07-03,Shrinkage Minimum Variance,US IG,2.5749691603205262e-17
2023-07-03,Shrinkage Minimum Variance,US HY,0.11170053945578633
2023-07-03,Shrinkage Minimum Variance,Europe IG,0.08482520831920107
2023-07-03,Shrinkage Minimum Variance,Europe HY,0.010326056447607559
2023-07-03,Shrinkage Minimum Variance,US REIT,0.0
2023-07-03,Shrinkage Minimum Variance,Japan REIT,0.18899006002998628
2023-07-03,Shrinkage Minimum Variance,Europe REIT,0.0
2023-07-03,Shrinkage Minimum Variance,Crude Oil,0.009071763718061586
2023-07-03,Shrinkage Minimum Variance,Gold,0.008832011839675954
2023-07-03,Shrinkage Minimum Variance,Copper,0.01450691568854061
2023-07-03,cDCC Minimum Variance,Japan Equity,0.0523817727201644
2023-07-03,cDCC Minimum Variance,US Equity,0.0334451128440363
2023-07-03,cDCC Minimum Variance,Europe Equity,1.110105636360522e-18
2023-07-03,cDCC Minimum Variance,Emerging Equity,1.459887543156303e-17
2023-07-03,cDCC Minimum Variance,Japan Government Bond,0.19999999999999993
2023-07-03,cDCC Minimum Variance,US Treasury 7-10Y,0.018806298214824938
2023-07-03,cDCC Minimum Variance,Germany Government Bond,0.09266934715713858
2023-07-03,cDCC Minimum Variance,UK Gilt,0.023695557348225687
2023-07-03,cDCC Minimum Variance,US IG,1.7525080961531858e-17
2023-07-03,cDCC Minimum Variance,US HY,0.19999999999999993
2023-07-03,cDCC Minimum Variance,Europe IG,1.9807281024229723e-17
2023-07-03,cDCC Minimum Variance,Europe HY,0.1286516261666383
2023-07-03,cDCC Minimum Variance,US REIT,1.2510092183633926e-17
2023-07-03,cDCC Minimum Variance,Japan REIT,0.19999999999999993
2023-07-03,cDCC Minimum Variance,Europe REIT,0.0
2023-07-03,cDCC Minimum Variance,Crude Oil,0.002299100380182418
2023-07-03,cDCC Minimum Variance,Gold,0.046836779454823084
2023-07-03,cDCC Minimum Variance,Copper,0.0012144057139663153
2023-10-02,Equal Weight,Japan Equity,0.05555555555555555
2023-10-02,Equal Weight,US Equity,0.05555555555555555
2023-10-02,Equal Weight,Europe Equity,0.05555555555555555
2023-10-02,Equal Weight,Emerging Equity,0.05555555555555555
2023-10-02,Equal Weight,Japan Government Bond,0.05555555555555555
2023-10-02,Equal Weight,US Treasury 7-10Y,0.05555555555555555
2023-10-02,Equal Weight,Germany Government Bond,0.05555555555555555
2023-10-02,Equal Weight,UK Gilt,0.05555555555555555
2023-10-02,Equal Weight,US IG,0.05555555555555555
2023-10-02,Equal Weight,US HY,0.05555555555555555
2023-10-02,Equal Weight,Europe IG,0.05555555555555555
2023-10-02,Equal Weight,Europe HY,0.05555555555555555
2023-10-02,Equal Weight,US REIT,0.05555555555555555
2023-10-02,Equal Weight,Japan REIT,0.05555555555555555
2023-10-02,Equal Weight,Europe REIT,0.05555555555555555
2023-10-02,Equal Weight,Crude Oil,0.05555555555555555
2023-10-02,Equal Weight,Gold,0.05555555555555555
2023-10-02,Equal Weight,Copper,0.05555555555555555
2023-10-02,Shrinkage Risk Parity,Japan Equity,0.061828273331015975
2023-10-02,Shrinkage Risk Parity,US Equity,0.0316178047176478
2023-10-02,Shrinkage Risk Parity,Europe Equity,0.030025846655285002
2023-10-02,Shrinkage Risk Parity,Emerging Equity,0.03153969118943566
2023-10-02,Shrinkage Risk Parity,Japan Government Bond,0.2
2023-10-02,Shrinkage Risk Parity,US Treasury 7-10Y,0.057696784661970646
2023-10-02,Shrinkage Risk Parity,Germany Government Bond,0.0642224615893697
2023-10-02,Shrinkage Risk Parity,UK Gilt,0.05182874653427974
2023-10-02,Shrinkage Risk Parity,US IG,0.048342609657956705
2023-10-02,Shrinkage Risk Parity,US HY,0.046081939055144364
2023-10-02,Shrinkage Risk Parity,Europe IG,0.05751141349797223
2023-10-02,Shrinkage Risk Parity,Europe HY,0.05155360212471393
2023-10-02,Shrinkage Risk Parity,US REIT,0.029246702834325563
2023-10-02,Shrinkage Risk Parity,Japan REIT,0.10072661536036735
2023-10-02,Shrinkage Risk Parity,Europe REIT,0.030375573257542268
2023-10-02,Shrinkage Risk Parity,Crude Oil,0.03024245670201807
2023-10-02,Shrinkage Risk Parity,Gold,0.04336241221187016
2023-10-02,Shrinkage Risk Parity,Copper,0.03379706661908488
2023-10-02,cDCC Risk Parity,Japan Equity,0.053839229278860375
2023-10-02,cDCC Risk Parity,US Equity,0.036273407240565846
2023-10-02,cDCC Risk Parity,Europe Equity,0.036767778719467
2023-10-02,cDCC Risk Parity,Emerging Equity,0.036021517778277064
2023-10-02,cDCC Risk Parity,Japan Government Bond,0.2
2023-10-02,cDCC Risk Parity,US Treasury 7-10Y,0.06620545728651532
2023-10-02,cDCC Risk Parity,Germany Government Bond,0.05754876208894827
2023-10-02,cDCC Risk Parity,UK Gilt,0.04958963876412887
2023-10-02,cDCC Risk Parity,US IG,0.05493211768837751
2023-10-02,cDCC Risk Parity,US HY,0.05900544483528062
2023-10-02,cDCC Risk Parity,Europe IG,0.05194905327770843
2023-10-02,cDCC Risk Parity,Europe HY,0.05431789177944147
2023-10-02,cDCC Risk Parity,US REIT,0.02886014238315875
2023-10-02,cDCC Risk Parity,Japan REIT,0.07435276418985835
2023-10-02,cDCC Risk Parity,Europe REIT,0.022344407048089623
2023-10-02,cDCC Risk Parity,Crude Oil,0.03325495021252683
2023-10-02,cDCC Risk Parity,Gold,0.05249647667060074
2023-10-02,cDCC Risk Parity,Copper,0.03224096075819494
2023-10-02,Shrinkage Minimum Variance,Japan Equity,0.0671559848093303
2023-10-02,Shrinkage Minimum Variance,US Equity,0.0
2023-10-02,Shrinkage Minimum Variance,Europe Equity,1.4224076905032927e-18
2023-10-02,Shrinkage Minimum Variance,Emerging Equity,3.2683005641870496e-17
2023-10-02,Shrinkage Minimum Variance,Japan Government Bond,0.19999999999999996
2023-10-02,Shrinkage Minimum Variance,US Treasury 7-10Y,0.14873642266568815
2023-10-02,Shrinkage Minimum Variance,Germany Government Bond,0.101299953040891
2023-10-02,Shrinkage Minimum Variance,UK Gilt,7.903903802893198e-18
2023-10-02,Shrinkage Minimum Variance,US IG,0.0
2023-10-02,Shrinkage Minimum Variance,US HY,0.12123037012197602
2023-10-02,Shrinkage Minimum Variance,Europe IG,0.08774383733624475
2023-10-02,Shrinkage Minimum Variance,Europe HY,0.04727527826128595
2023-10-02,Shrinkage Minimum Variance,US REIT,0.0
2023-10-02,Shrinkage Minimum Variance,Japan REIT,0.19999999999999996
2023-10-02,Shrinkage Minimum Variance,Europe REIT,9.304896297651811e-18
2023-10-02,Shrinkage Minimum Variance,Crude Oil,0.00803966977223878
2023-10-02,Shrinkage Minimum Variance,Gold,0.002765763857313414
2023-10-02,Shrinkage Minimum Variance,Copper,0.015752720135031685
2023-10-02,cDCC Minimum Variance,Japan Equity,0.0494102794791907
2023-10-02,cDCC Minimum Variance,US Equity,1.563559402761579e-17
2023-10-02,cDCC Minimum Variance,Europe Equity,5.937977071001619e-18
2023-10-02,cDCC Minimum Variance,Emerging Equity,0.0
2023-10-02,cDCC Minimum Variance,Japan Government Bond,0.2
2023-10-02,cDCC Minimum Variance,US Treasury 7-10Y,0.2
2023-10-02,cDCC Minimum Variance,Germany Government Bond,0.03269612683447269
2023-10-02,cDCC Minimum Variance,UK Gilt,0.0
2023-10-02,cDCC Minimum Variance,US IG,1.4071871968875947e-17
2023-10-02,cDCC Minimum Variance,US HY,0.2
2023-10-02,cDCC Minimum Variance,Europe IG,0.0
2023-10-02,cDCC Minimum Variance,Europe HY,0.15698003012258793
2023-10-02,cDCC Minimum Variance,US REIT,0.0
2023-10-02,cDCC Minimum Variance,Japan REIT,0.11608075896557354
2023-10-02,cDCC Minimum Variance,Europe REIT,3.340282915744126e-18
2023-10-02,cDCC Minimum Variance,Crude Oil,0.003498781655556168
2023-10-02,cDCC Minimum Variance,Gold,0.04133402294261889
2023-10-02,cDCC Minimum Variance,Copper,0.0
2024-01-04,Equal Weight,Japan Equity,0.05555555555555555
2024-01-04,Equal Weight,US Equity,0.05555555555555555
2024-01-04,Equal Weight,Europe Equity,0.05555555555555555
2024-01-04,Equal Weight,Emerging Equity,0.05555555555555555
2024-01-04,Equal Weight,Japan Government Bond,0.05555555555555555
2024-01-04,Equal Weight,US Treasury 7-10Y,0.05555555555555555
2024-01-04,Equal Weight,Germany Government Bond,0.05555555555555555
2024-01-04,Equal Weight,UK Gilt,0.05555555555555555
2024-01-04,Equal Weight,US IG,0.05555555555555555
2024-01-04,Equal Weight,US HY,0.05555555555555555
2024-01-04,Equal Weight,Europe IG,0.05555555555555555
2024-01-04,Equal Weight,Europe HY,0.05555555555555555
2024-01-04,Equal Weight,US REIT,0.05555555555555555
2024-01-04,Equal Weight,Japan REIT,0.05555555555555555
2024-01-04,Equal Weight,Europe REIT,0.05555555555555555
2024-01-04,Equal Weight,Crude Oil,0.05555555555555555
2024-01-04,Equal Weight,Gold,0.05555555555555555
2024-01-04,Equal Weight,Copper,0.05555555555555555
2024-01-04,Shrinkage Risk Parity,Japan Equity,0.06039901660662227
2024-01-04,Shrinkage Risk Parity,US Equity,0.032725168042845997
2024-01-04,Shrinkage Risk Parity,Europe Equity,0.03087015040056517
2024-01-04,Shrinkage Risk Parity,Emerging Equity,0.03255745147057301
2024-01-04,Shrinkage Risk Parity,Japan Government Bond,0.19999999999999993
2024-01-04,Shrinkage Risk Parity,US Treasury 7-10Y,0.05527488831368895
2024-01-04,Shrinkage Risk Parity,Germany Government Bond,0.06296128870284656
2024-01-04,Shrinkage Risk Parity,UK Gilt,0.05069427176295364
2024-01-04,Shrinkage Risk Parity,US IG,0.04721001384537213
2024-01-04,Shrinkage Risk Parity,US HY,0.046046904821995555
2024-01-04,Shrinkage Risk Parity,Europe IG,0.05693667199890005
2024-01-04,Shrinkage Risk Parity,Europe HY,0.05168072291454131
2024-01-04,Shrinkage Risk Parity,US REIT,0.029433795433168392
2024-01-04,Shrinkage Risk Parity,Japan REIT,0.103130395343122
2024-01-04,Shrinkage Risk Parity,Europe REIT,0.029982865729978308
2024-01-04,Shrinkage Risk Parity,Crude Oil,0.031641279536256006
2024-01-04,Shrinkage Risk Parity,Gold,0.04448915815429206
2024-01-04,Shrinkage Risk Parity,Copper,0.03396595692227845
2024-01-04,cDCC Risk Parity,Japan Equity,0.06534074526809794
2024-01-04,cDCC Risk Parity,US Equity,0.04456802193515521
2024-01-04,cDCC Risk Parity,Europe Equity,0.03872444824139114
2024-01-04,cDCC Risk Parity,Emerging Equity,0.03873400183834103
2024-01-04,cDCC Risk Parity,Japan Government Bond,0.19999999999999996
2024-01-04,cDCC Risk Parity,US Treasury 7-10Y,0.04327690511753624
2024-01-04,cDCC Risk Parity,Germany Government Bond,0.05290128455300694
2024-01-04,cDCC Risk Parity,UK Gilt,0.04471089810528193
2024-01-04,cDCC Risk Parity,US IG,0.0391507025980911
2024-01-04,cDCC Risk Parity,US HY,0.04198785369508252
2024-01-04,cDCC Risk Parity,Europe IG,0.05304509242638548
2024-01-04,cDCC Risk Parity,Europe HY,0.054778486931393026
2024-01-04,cDCC Risk Parity,US REIT,0.03176403650970598
2024-01-04,cDCC Risk Parity,Japan REIT,0.10811867594092439
2024-01-04,cDCC Risk Parity,Europe REIT,0.028425323853420694
2024-01-04,cDCC Risk Parity,Crude Oil,0.03769982940344739
2024-01-04,cDCC Risk Parity,Gold,0.04133227711498611
2024-01-04,cDCC Risk Parity,Copper,0.035441416467752784
2024-01-04,Shrinkage Minimum Variance,Japan Equity,0.06553360772334406
2024-01-04,Shrinkage Minimum Variance,US Equity,1.787482325054175e-18
2024-01-04,Shrinkage Minimum Variance,Europe Equity,1.6844167686203603e-19
2024-01-04,Shrinkage Minimum Variance,Emerging Equity,1.505631627427725e-17
2024-01-04,Shrinkage Minimum Variance,Japan Government Bond,0.20000000000000007
2024-01-04,Shrinkage Minimum Variance,US Treasury 7-10Y,0.12410105126103144
2024-01-04,Shrinkage Minimum Variance,Germany Government Bond,0.10009708190771782
2024-01-04,Shrinkage Minimum Variance,UK Gilt,0.0
2024-01-04,Shrinkage Minimum Variance,US IG,2.0016478382913974e-17
2024-01-04,Shrinkage Minimum Variance,US HY,0.12624442178157216
2024-01-04,Shrinkage Minimum Variance,Europe IG,0.08670223251944006
2024-01-04,Shrinkage Minimum Variance,Europe HY,0.058642264769676676
2024-01-04,Shrinkage Minimum Variance,US REIT,0.0
2024-01-04,Shrinkage Minimum Variance,Japan REIT,0.20000000000000007
2024-01-04,Shrinkage Minimum Variance,Europe REIT,0.0
2024-01-04,Shrinkage Minimum Variance,Crude Oil,0.010508020997547066
2024-01-04,Shrinkage Minimum Variance,Gold,0.01745285481071439
2024-01-04,Shrinkage Minimum Variance,Copper,0.010718464228956446
2024-01-04,cDCC Minimum Variance,Japan Equity,0.08142851398632756
2024-01-04,cDCC Minimum Variance,US Equity,0.12916180330806148
2024-01-04,cDCC Minimum Variance,Europe Equity,0.0
2024-01-04,cDCC Minimum Variance,Emerging Equity,1.697310671068081e-17
2024-01-04,cDCC Minimum Variance,Japan Government Bond,0.2
2024-01-04,cDCC Minimum Variance,US Treasury 7-10Y,0.05965880088957172
2024-01-04,cDCC Minimum Variance,Germany Government Bond,0.054967633782287834
2024-01-04,cDCC Minimum Variance,UK Gilt,0.0
2024-01-04,cDCC Minimum Variance,US IG,0.0
2024-01-04,cDCC Minimum Variance,US HY,3.424797725737168e-17
2024-01-04,cDCC Minimum Variance,Europe IG,0.005884030941543727
2024-01-04,cDCC Minimum Variance,Europe HY,0.2
2024-01-04,cDCC Minimum Variance,US REIT,4.696906946012832e-19
2024-01-04,cDCC Minimum Variance,Japan REIT,0.2
2024-01-04,cDCC Minimum Variance,Europe REIT,9.401680175207539e-19
2024-01-04,cDCC Minimum Variance,Crude Oil,0.02171037355187507
2024-01-04,cDCC Minimum Variance,Gold,0.047188843540332585
2024-01-04,cDCC Minimum Variance,Copper,9.430591554509871e-18
2024-04-02,Equal Weight,Japan Equity,0.05555555555555555
2024-04-02,Equal Weight,US Equity,0.05555555555555555
2024-04-02,Equal Weight,Europe Equity,0.05555555555555555
2024-04-02,Equal Weight,Emerging Equity,0.05555555555555555
2024-04-02,Equal Weight,Japan Government Bond,0.05555555555555555
2024-04-02,Equal Weight,US Treasury 7-10Y,0.05555555555555555
2024-04-02,Equal Weight,Germany Government Bond,0.05555555555555555
2024-04-02,Equal Weight,UK Gilt,0.05555555555555555
2024-04-02,Equal Weight,US IG,0.05555555555555555
2024-04-02,Equal Weight,US HY,0.05555555555555555
2024-04-02,Equal Weight,Europe IG,0.05555555555555555
2024-04-02,Equal Weight,Europe HY,0.05555555555555555
2024-04-02,Equal Weight,US REIT,0.05555555555555555
2024-04-02,Equal Weight,Japan REIT,0.05555555555555555
2024-04-02,Equal Weight,Europe REIT,0.05555555555555555
2024-04-02,Equal Weight,Crude Oil,0.05555555555555555
2024-04-02,Equal Weight,Gold,0.05555555555555555
2024-04-02,Equal Weight,Copper,0.05555555555555555
2024-04-02,Shrinkage Risk Parity,Japan Equity,0.06110326508845433
2024-04-02,Shrinkage Risk Parity,US Equity,0.03288948706046086
2024-04-02,Shrinkage Risk Parity,Europe Equity,0.0312884454807343
2024-04-02,Shrinkage Risk Parity,Emerging Equity,0.03265318436661899
2024-04-02,Shrinkage Risk Parity,Japan Government Bond,0.19999999999999996
2024-04-02,Shrinkage Risk Parity,US Treasury 7-10Y,0.05348577629300505
2024-04-02,Shrinkage Risk Parity,Germany Government Bond,0.06285209181847186
2024-04-02,Shrinkage Risk Parity,UK Gilt,0.05019982794945956
2024-04-02,Shrinkage Risk Parity,US IG,0.0460301666702651
2024-04-02,Shrinkage Risk Parity,US HY,0.04513803432246021
2024-04-02,Shrinkage Risk Parity,Europe IG,0.05654036241159173
2024-04-02,Shrinkage Risk Parity,Europe HY,0.05161267134538666
2024-04-02,Shrinkage Risk Parity,US REIT,0.02932330759119878
2024-04-02,Shrinkage Risk Parity,Japan REIT,0.10584587179065923
2024-04-02,Shrinkage Risk Parity,Europe REIT,0.030588522350258978
2024-04-02,Shrinkage Risk Parity,Crude Oil,0.03296623850626983
2024-04-02,Shrinkage Risk Parity,Gold,0.043936368830047104
2024-04-02,Shrinkage Risk Parity,Copper,0.03354637812465735
2024-04-02,cDCC Risk Parity,Japan Equity,0.04463240696805723
2024-04-02,cDCC Risk Parity,US Equity,0.037096629690281394
2024-04-02,cDCC Risk Parity,Europe Equity,0.03880319051207162
2024-04-02,cDCC Risk Parity,Emerging Equity,0.03672452714172807
2024-04-02,cDCC Risk Parity,Japan Government Bond,0.2
2024-04-02,cDCC Risk Parity,US Treasury 7-10Y,0.04960529189092392
2024-04-02,cDCC Risk Parity,Germany Government Bond,0.059178099396933144
2024-04-02,cDCC Risk Parity,UK Gilt,0.05446098607239276
2024-04-02,cDCC Risk Parity,US IG,0.0466435130861197
2024-04-02,cDCC Risk Parity,US HY,0.04726848809915572
2024-04-02,cDCC Risk Parity,Europe IG,0.05754453787022776
2024-04-02,cDCC Risk Parity,Europe HY,0.06518057959042906
2024-04-02,cDCC Risk Parity,US REIT,0.028378790406384115
2024-04-02,cDCC Risk Parity,Japan REIT,0.09402839956871024
2024-04-02,cDCC Risk Parity,Europe REIT,0.030509699372637263
2024-04-02,cDCC Risk Parity,Crude Oil,0.03369608524198635
2024-04-02,cDCC Risk Parity,Gold,0.0441216355415608
2024-04-02,cDCC Risk Parity,Copper,0.03212713955040082
2024-04-02,Shrinkage Minimum Variance,Japan Equity,0.06677890666379845
2024-04-02,Shrinkage Minimum Variance,US Equity,2.4571408735737805e-17
2024-04-02,Shrinkage Minimum Variance,Europe Equity,0.0
2024-04-02,Shrinkage Minimum Variance,Emerging Equity,3.180274076468458e-17
2024-04-02,Shrinkage Minimum Variance,Japan Government Bond,0.19999999999999998
2024-04-02,Shrinkage Minimum Variance,US Treasury 7-10Y,0.11153713770743781
2024-04-02,Shrinkage Minimum Variance,Germany Government Bond,0.11128400491715353
2024-04-02,Shrinkage Minimum Variance,UK Gilt,0.0
2024-04-02,Shrinkage Minimum Variance,US IG,0.0
2024-04-02,Shrinkage Minimum Variance,US HY,0.11922983846650878
2024-04-02,Shrinkage Minimum Variance,Europe IG,0.08242724347342467
2024-04-02,Shrinkage Minimum Variance,Europe HY,0.06229345121787422
2024-04-02,Shrinkage Minimum Variance,US REIT,6.593981463212533e-18
2024-04-02,Shrinkage Minimum Variance,Japan REIT,0.2
2024-04-02,Shrinkage Minimum Variance,Europe REIT,0.0
2024-04-02,Shrinkage Minimum Variance,Crude Oil,0.015000334573635558
2024-04-02,Shrinkage Minimum Variance,Gold,0.020215357560151213
2024-04-02,Shrinkage Minimum Variance,Copper,0.011233725420015645
2024-04-02,cDCC Minimum Variance,Japan Equity,0.0
2024-04-02,cDCC Minimum Variance,US Equity,1.0958731004985025e-18
2024-04-02,cDCC Minimum Variance,Europe Equity,0.042504747227853565
2024-04-02,cDCC Minimum Variance,Emerging Equity,8.87064199586513e-18
2024-04-02,cDCC Minimum Variance,Japan Government Bond,0.19999999999999996
2024-04-02,cDCC Minimum Variance,US Treasury 7-10Y,0.05584087734284663
2024-04-02,cDCC Minimum Variance,Germany Government Bond,0.07972345308299444
2024-04-02,cDCC Minimum Variance,UK Gilt,3.4707887996504055e-17
2024-04-02,cDCC Minimum Variance,US IG,1.5947671587206972e-17
2024-04-02,cDCC Minimum Variance,US HY,0.11043711533838009
2024-04-02,cDCC Minimum Variance,Europe IG,0.07174323394574035
2024-04-02,cDCC Minimum Variance,Europe HY,0.19999999999999996
2024-04-02,cDCC Minimum Variance,US REIT,0.0
2024-04-02,cDCC Minimum Variance,Japan REIT,0.1800956079328558
2024-04-02,cDCC Minimum Variance,Europe REIT,0.0
2024-04-02,cDCC Minimum Variance,Crude Oil,0.01318345957200251
2024-04-02,cDCC Minimum Variance,Gold,0.04647150555732654
2024-04-02,cDCC Minimum Variance,Copper,2.3613112705293064e-18
2024-07-01,Equal Weight,Japan Equity,0.05555555555555555
2024-07-01,Equal Weight,US Equity,0.05555555555555555
2024-07-01,Equal Weight,Europe Equity,0.05555555555555555
2024-07-01,Equal Weight,Emerging Equity,0.05555555555555555
2024-07-01,Equal Weight,Japan Government Bond,0.05555555555555555
2024-07-01,Equal Weight,US Treasury 7-10Y,0.05555555555555555
2024-07-01,Equal Weight,Germany Government Bond,0.05555555555555555
2024-07-01,Equal Weight,UK Gilt,0.05555555555555555
2024-07-01,Equal Weight,US IG,0.05555555555555555
2024-07-01,Equal Weight,US HY,0.05555555555555555
2024-07-01,Equal Weight,Europe IG,0.05555555555555555
2024-07-01,Equal Weight,Europe HY,0.05555555555555555
2024-07-01,Equal Weight,US REIT,0.05555555555555555
2024-07-01,Equal Weight,Japan REIT,0.05555555555555555
2024-07-01,Equal Weight,Europe REIT,0.05555555555555555
2024-07-01,Equal Weight,Crude Oil,0.05555555555555555
2024-07-01,Equal Weight,Gold,0.05555555555555555
2024-07-01,Equal Weight,Copper,0.05555555555555555
2024-07-01,Shrinkage Risk Parity,Japan Equity,0.06416081326253655
2024-07-01,Shrinkage Risk Parity,US Equity,0.033396618751515034
2024-07-01,Shrinkage Risk Parity,Europe Equity,0.031236359278458782
2024-07-01,Shrinkage Risk Parity,Emerging Equity,0.03361319270767983
2024-07-01,Shrinkage Risk Parity,Japan Government Bond,0.2
2024-07-01,Shrinkage Risk Parity,US Treasury 7-10Y,0.051723953715926835
2024-07-01,Shrinkage Risk Parity,Germany Government Bond,0.06174611858326845
2024-07-01,Shrinkage Risk Parity,UK Gilt,0.049254153305501966
2024-07-01,Shrinkage Risk Parity,US IG,0.04488626105187549
2024-07-01,Shrinkage Risk Parity,US HY,0.04483600866543068
2024-07-01,Shrinkage Risk Parity,Europe IG,0.056132722749768216
2024-07-01,Shrinkage Risk Parity,Europe HY,0.05150296937751632
2024-07-01,Shrinkage Risk Parity,US REIT,0.02896437595809628
2024-07-01,Shrinkage Risk Parity,Japan REIT,0.10938717383389329
2024-07-01,Shrinkage Risk Parity,Europe REIT,0.02961643260649465
2024-07-01,Shrinkage Risk Parity,Crude Oil,0.0338739140699158
2024-07-01,Shrinkage Risk Parity,Gold,0.04268974634035984
2024-07-01,Shrinkage Risk Parity,Copper,0.03297918574176199
2024-07-01,cDCC Risk Parity,Japan Equity,0.05725799099068332
2024-07-01,cDCC Risk Parity,US Equity,0.04822264023470707
2024-07-01,cDCC Risk Parity,Europe Equity,0.03107673338687142
2024-07-01,cDCC Risk Parity,Emerging Equity,0.034759853811069205
2024-07-01,cDCC Risk Parity,Japan Government Bond,0.2
2024-07-01,cDCC Risk Parity,US Treasury 7-10Y,0.050651005317245985
2024-07-01,cDCC Risk Parity,Germany Government Bond,0.06174160648170639
2024-07-01,cDCC Risk Parity,UK Gilt,0.05145173345902855
2024-07-01,cDCC Risk Parity,US IG,0.04740926571425536
2024-07-01,cDCC Risk Parity,US HY,0.05447205069595357
2024-07-01,cDCC Risk Parity,Europe IG,0.06178974005385105
2024-07-01,cDCC Risk Parity,Europe HY,0.06607802194065725
2024-07-01,cDCC Risk Parity,US REIT,0.029649977878420598
2024-07-01,cDCC Risk Parity,Japan REIT,0.09358183113449883
2024-07-01,cDCC Risk Parity,Europe REIT,0.024186916837666085
2024-07-01,cDCC Risk Parity,Crude Oil,0.033424633381034206
2024-07-01,cDCC Risk Parity,Gold,0.028502418916517804
2024-07-01,cDCC Risk Parity,Copper,0.025743579765833385
2024-07-01,Shrinkage Minimum Variance,Japan Equity,0.0769735926799877
2024-07-01,Shrinkage Minimum Variance,US Equity,0.0
2024-07-01,Shrinkage Minimum Variance,Europe Equity,0.0
2024-07-01,Shrinkage Minimum Variance,Emerging Equity,0.0
2024-07-01,Shrinkage Minimum Variance,Japan Government Bond,0.19999999999999996
2024-07-01,Shrinkage Minimum Variance,US Treasury 7-10Y,0.09280567541903524
2024-07-01,Shrinkage Minimum Variance,Germany Government Bond,0.10752713349693489
2024-07-01,Shrinkage Minimum Variance,UK Gilt,9.389158347040222e-18
2024-07-01,Shrinkage Minimum Variance,US IG,0.0
2024-07-01,Shrinkage Minimum Variance,US HY,0.12825545213543751
2024-07-01,Shrinkage Minimum Variance,Europe IG,0.08448966051994422
2024-07-01,Shrinkage Minimum Variance,Europe HY,0.06366676777750438
2024-07-01,Shrinkage Minimum Variance,US REIT,2.105094529974991e-18
2024-07-01,Shrinkage Minimum Variance,Japan REIT,0.19999999999999996
2024-07-01,Shrinkage Minimum Variance,Europe REIT,5.428851815000864e-18
2024-07-01,Shrinkage Minimum Variance,Crude Oil,0.016822418267852215
2024-07-01,Shrinkage Minimum Variance,Gold,0.0205683636378518
2024-07-01,Shrinkage Minimum Variance,Copper,0.008890936065452083
2024-07-01,cDCC Minimum Variance,Japan Equity,0.016089810071220335
2024-07-01,cDCC Minimum Variance,US Equity,0.04467695897365076
2024-07-01,cDCC Minimum Variance,Europe Equity,0.0
2024-07-01,cDCC Minimum Variance,Emerging Equity,9.646087836794152e-18
2024-07-01,cDCC Minimum Variance,Japan Government Bond,0.19999999999999998
2024-07-01,cDCC Minimum Variance,US Treasury 7-10Y,0.03039155730847659
2024-07-01,cDCC Minimum Variance,Germany Government Bond,0.04234608650443821
2024-07-01,cDCC Minimum Variance,UK Gilt,1.511789451812125e-17
2024-07-01,cDCC Minimum Variance,US IG,2.9812889612509263e-18
2024-07-01,cDCC Minimum Variance,US HY,0.19999999999999998
2024-07-01,cDCC Minimum Variance,Europe IG,0.08558488948075055
2024-07-01,cDCC Minimum Variance,Europe HY,0.2
2024-07-01,cDCC Minimum Variance,US REIT,5.882271598659533e-18
2024-07-01,cDCC Minimum Variance,Japan REIT,0.1731102354440188
2024-07-01,cDCC Minimum Variance,Europe REIT,1.4700366760183818e-18
2024-07-01,cDCC Minimum Variance,Crude Oil,0.00780046221744476
2024-07-01,cDCC Minimum Variance,Gold,2.354074592213808e-19
2024-07-01,cDCC Minimum Variance,Copper,0.0
2024-10-01,Equal Weight,Japan Equity,0.05555555555555555
2024-10-01,Equal Weight,US Equity,0.05555555555555555
2024-10-01,Equal Weight,Europe Equity,0.05555555555555555
2024-10-01,Equal Weight,Emerging Equity,0.05555555555555555
2024-10-01,Equal Weight,Japan Government Bond,0.05555555555555555
2024-10-01,Equal Weight,US Treasury 7-10Y,0.05555555555555555
2024-10-01,Equal Weight,Germany Government Bond,0.05555555555555555
2024-10-01,Equal Weight,UK Gilt,0.05555555555555555
2024-10-01,Equal Weight,US IG,0.05555555555555555
2024-10-01,Equal Weight,US HY,0.05555555555555555
2024-10-01,Equal Weight,Europe IG,0.05555555555555555
2024-10-01,Equal Weight,Europe HY,0.05555555555555555
2024-10-01,Equal Weight,US REIT,0.05555555555555555
2024-10-01,Equal Weight,Japan REIT,0.05555555555555555
2024-10-01,Equal Weight,Europe REIT,0.05555555555555555
2024-10-01,Equal Weight,Crude Oil,0.05555555555555555
2024-10-01,Equal Weight,Gold,0.05555555555555555
2024-10-01,Equal Weight,Copper,0.05555555555555555
2024-10-01,Shrinkage Risk Parity,Japan Equity,0.05169196278808785
2024-10-01,Shrinkage Risk Parity,US Equity,0.033782085007347785
2024-10-01,Shrinkage Risk Parity,Europe Equity,0.031838885520260325
2024-10-01,Shrinkage Risk Parity,Emerging Equity,0.03348790523928721
2024-10-01,Shrinkage Risk Parity,Japan Government Bond,0.20000000000000004
2024-10-01,Shrinkage Risk Parity,US Treasury 7-10Y,0.05253981167458413
2024-10-01,Shrinkage Risk Parity,Germany Government Bond,0.06341414752900773
2024-10-01,Shrinkage Risk Parity,UK Gilt,0.050728172211849935
2024-10-01,Shrinkage Risk Parity,US IG,0.045909268058341744
2024-10-01,Shrinkage Risk Parity,US HY,0.04539241401766067
2024-10-01,Shrinkage Risk Parity,Europe IG,0.05666400119405792
2024-10-01,Shrinkage Risk Parity,Europe HY,0.052010256804576646
2024-10-01,Shrinkage Risk Parity,US REIT,0.030390267500911367
2024-10-01,Shrinkage Risk Parity,Japan REIT,0.10957083206381783
2024-10-01,Shrinkage Risk Parity,Europe REIT,0.03169275088692737
2024-10-01,Shrinkage Risk Parity,Crude Oil,0.035184013594981606
2024-10-01,Shrinkage Risk Parity,Gold,0.04219012587143924
2024-10-01,Shrinkage Risk Parity,Copper,0.033513100036860734
2024-10-01,cDCC Risk Parity,Japan Equity,0.02882273845161869
2024-10-01,cDCC Risk Parity,US Equity,0.043762637782738215
2024-10-01,cDCC Risk Parity,Europe Equity,0.03265900634123986
2024-10-01,cDCC Risk Parity,Emerging Equity,0.02793170844984482
2024-10-01,cDCC Risk Parity,Japan Government Bond,0.19999999999999962
2024-10-01,cDCC Risk Parity,US Treasury 7-10Y,0.0571722618595094
2024-10-01,cDCC Risk Parity,Germany Government Bond,0.06970931455581458
2024-10-01,cDCC Risk Parity,UK Gilt,0.05508251389814772
2024-10-01,cDCC Risk Parity,US IG,0.05275408057561905
2024-10-01,cDCC Risk Parity,US HY,0.05089966165339489
2024-10-01,cDCC Risk Parity,Europe IG,0.05907585400201818
2024-10-01,cDCC Risk Parity,Europe HY,0.052137869328686665
2024-10-01,cDCC Risk Parity,US REIT,0.04691255935032302
2024-10-01,cDCC Risk Parity,Japan REIT,0.06623010471727195
2024-10-01,cDCC Risk Parity,Europe REIT,0.04390741671130971
2024-10-01,cDCC Risk Parity,Crude Oil,0.04066846535038575
2024-10-01,cDCC Risk Parity,Gold,0.0410290008633855
2024-10-01,cDCC Risk Parity,Copper,0.03124480610869231
2024-10-01,Shrinkage Minimum Variance,Japan Equity,0.03241906535863291
2024-10-01,Shrinkage Minimum Variance,US Equity,9.51353376153756e-18
2024-10-01,Shrinkage Minimum Variance,Europe Equity,4.112549673390087e-17
2024-10-01,Shrinkage Minimum Variance,Emerging Equity,0.0
2024-10-01,Shrinkage Minimum Variance,Japan Government Bond,0.2
2024-10-01,Shrinkage Minimum Variance,US Treasury 7-10Y,0.10121341829636193
2024-10-01,Shrinkage Minimum Variance,Germany Government Bond,0.1345923274304197
2024-10-01,Shrinkage Minimum Variance,UK Gilt,7.027338409231752e-18
2024-10-01,Shrinkage Minimum Variance,US IG,6.906621490803661e-18
2024-10-01,Shrinkage Minimum Variance,US HY,0.13328836609479383
2024-10-01,Shrinkage Minimum Variance,Europe IG,0.09286880972875743
2024-10-01,Shrinkage Minimum Variance,Europe HY,0.07226258131672766
2024-10-01,Shrinkage Minimum Variance,US REIT,0.0
2024-10-01,Shrinkage Minimum Variance,Japan REIT,0.2
2024-10-01,Shrinkage Minimum Variance,Europe REIT,8.880436075325841e-19
2024-10-01,Shrinkage Minimum Variance,Crude Oil,0.0234506761277275
2024-10-01,Shrinkage Minimum Variance,Gold,0.00010887805983456933
2024-10-01,Shrinkage Minimum Variance,Copper,0.00979587758674437
2024-10-01,cDCC Minimum Variance,Japan Equity,5.7559135922711425e-18
2024-10-01,cDCC Minimum Variance,US Equity,0.05692378980005446
2024-10-01,cDCC Minimum Variance,Europe Equity,3.006030289719052e-18
2024-10-01,cDCC Minimum Variance,Emerging Equity,0.0
2024-10-01,cDCC Minimum Variance,Japan Government Bond,0.2
2024-10-01,cDCC Minimum Variance,US Treasury 7-10Y,0.1214631966603647
2024-10-01,cDCC Minimum Variance,Germany Government Bond,0.2
2024-10-01,cDCC Minimum Variance,UK Gilt,1.3060199322055327e-18
2024-10-01,cDCC Minimum Variance,US IG,0.0
2024-10-01,cDCC Minimum Variance,US HY,0.12437343337874653
2024-10-01,cDCC Minimum Variance,Europe IG,0.14436024391250815
2024-10-01,cDCC Minimum Variance,Europe HY,0.0
2024-10-01,cDCC Minimum Variance,US REIT,0.010500633475597895
2024-10-01,cDCC Minimum Variance,Japan REIT,0.11130657181300205
2024-10-01,cDCC Minimum Variance,Europe REIT,2.7239312311295215e-18
2024-10-01,cDCC Minimum Variance,Crude Oil,0.03107213095972618
2024-10-01,cDCC Minimum Variance,Gold,2.4478221780749104e-17
2024-10-01,cDCC Minimum Variance,Copper,4.39302536488244e-18
2025-01-06,Equal Weight,Japan Equity,0.05555555555555555
2025-01-06,Equal Weight,US Equity,0.05555555555555555
2025-01-06,Equal Weight,Europe Equity,0.05555555555555555
2025-01-06,Equal Weight,Emerging Equity,0.05555555555555555
2025-01-06,Equal Weight,Japan Government Bond,0.05555555555555555
2025-01-06,Equal Weight,US Treasury 7-10Y,0.05555555555555555
2025-01-06,Equal Weight,Germany Government Bond,0.05555555555555555
2025-01-06,Equal Weight,UK Gilt,0.05555555555555555
2025-01-06,Equal Weight,US IG,0.05555555555555555
2025-01-06,Equal Weight,US HY,0.05555555555555555
2025-01-06,Equal Weight,Europe IG,0.05555555555555555
2025-01-06,Equal Weight,Europe HY,0.05555555555555555
2025-01-06,Equal Weight,US REIT,0.05555555555555555
2025-01-06,Equal Weight,Japan REIT,0.05555555555555555
2025-01-06,Equal Weight,Europe REIT,0.05555555555555555
2025-01-06,Equal Weight,Crude Oil,0.05555555555555555
2025-01-06,Equal Weight,Gold,0.05555555555555555
2025-01-06,Equal Weight,Copper,0.05555555555555555
2025-01-06,Shrinkage Risk Parity,Japan Equity,0.05232726479276118
2025-01-06,Shrinkage Risk Parity,US Equity,0.0340410674767338
2025-01-06,Shrinkage Risk Parity,Europe Equity,0.032100088872477534
2025-01-06,Shrinkage Risk Parity,Emerging Equity,0.03312662715463102
2025-01-06,Shrinkage Risk Parity,Japan Government Bond,0.20000000000000004
2025-01-06,Shrinkage Risk Parity,US Treasury 7-10Y,0.05088549362073424
2025-01-06,Shrinkage Risk Parity,Germany Government Bond,0.06134963700124259
2025-01-06,Shrinkage Risk Parity,UK Gilt,0.050095957007499116
2025-01-06,Shrinkage Risk Parity,US IG,0.04478545932509116
2025-01-06,Shrinkage Risk Parity,US HY,0.04479039631377422
2025-01-06,Shrinkage Risk Parity,Europe IG,0.056035043125044114
2025-01-06,Shrinkage Risk Parity,Europe HY,0.05134114000248357
2025-01-06,Shrinkage Risk Parity,US REIT,0.029966210352775812
2025-01-06,Shrinkage Risk Parity,Japan REIT,0.1179105590969195
2025-01-06,Shrinkage Risk Parity,Europe REIT,0.03150745802937873
2025-01-06,Shrinkage Risk Parity,Crude Oil,0.03533488592710319
2025-01-06,Shrinkage Risk Parity,Gold,0.041118397186857975
2025-01-06,Shrinkage Risk Parity,Copper,0.033284314714492384
2025-01-06,cDCC Risk Parity,Japan Equity,0.0660744772462589
2025-01-06,cDCC Risk Parity,US Equity,0.02918651883939992
2025-01-06,cDCC Risk Parity,Europe Equity,0.03665962682994537
2025-01-06,cDCC Risk Parity,Emerging Equity,0.033426839952380244
2025-01-06,cDCC Risk Parity,Japan Government Bond,0.2
2025-01-06,cDCC Risk Parity,US Treasury 7-10Y,0.04489268188017028
2025-01-06,cDCC Risk Parity,Germany Government Bond,0.05759539528736928
2025-01-06,cDCC Risk Parity,UK Gilt,0.05130595610661591
2025-01-06,cDCC Risk Parity,US IG,0.04016389137257985
2025-01-06,cDCC Risk Parity,US HY,0.03970367514728073
2025-01-06,cDCC Risk Parity,Europe IG,0.05595282092817251
2025-01-06,cDCC Risk Parity,Europe HY,0.05257518115924075
2025-01-06,cDCC Risk Parity,US REIT,0.025142218200282215
2025-01-06,cDCC Risk Parity,Japan REIT,0.12740796358308082
2025-01-06,cDCC Risk Parity,Europe REIT,0.031557751292657525
2025-01-06,cDCC Risk Parity,Crude Oil,0.03987891416187924
2025-01-06,cDCC Risk Parity,Gold,0.03254463473570565
2025-01-06,cDCC Risk Parity,Copper,0.03593145327698078
2025-01-06,Shrinkage Minimum Variance,Japan Equity,0.03882696442205809
2025-01-06,Shrinkage Minimum Variance,US Equity,4.2247606217476065e-19
2025-01-06,Shrinkage Minimum Variance,Europe Equity,0.0
2025-01-06,Shrinkage Minimum Variance,Emerging Equity,1.5454840839082414e-17
2025-01-06,Shrinkage Minimum Variance,Japan Government Bond,0.20000000000000004
2025-01-06,Shrinkage Minimum Variance,US Treasury 7-10Y,0.09815759210853689
2025-01-06,Shrinkage Minimum Variance,Germany Government Bond,0.12324861270945708
2025-01-06,Shrinkage Minimum Variance,UK Gilt,0.0
2025-01-06,Shrinkage Minimum Variance,US IG,0.0
2025-01-06,Shrinkage Minimum Variance,US HY,0.13290529870140994
2025-01-06,Shrinkage Minimum Variance,Europe IG,0.10442238358599189
2025-01-06,Shrinkage Minimum Variance,Europe HY,0.0686694252103675
2025-01-06,Shrinkage Minimum Variance,US REIT,5.371760634967219e-18
2025-01-06,Shrinkage Minimum Variance,Japan REIT,0.20000000000000004
2025-01-06,Shrinkage Minimum Variance,Europe REIT,0.0
2025-01-06,Shrinkage Minimum Variance,Crude Oil,0.023187900998588324
2025-01-06,Shrinkage Minimum Variance,Gold,1.544988095791844e-18
2025-01-06,Shrinkage Minimum Variance,Copper,0.010581822263590316
2025-01-06,cDCC Minimum Variance,Japan Equity,0.09935809379743592
2025-01-06,cDCC Minimum Variance,US Equity,0.0
2025-01-06,cDCC Minimum Variance,Europe Equity,0.05943934467530085
2025-01-06,cDCC Minimum Variance,Emerging Equity,2.3954740531958075e-17
2025-01-06,cDCC Minimum Variance,Japan Government Bond,0.20000000000000007
2025-01-06,cDCC Minimum Variance,US Treasury 7-10Y,0.0931263499926182
2025-01-06,cDCC Minimum Variance,Germany Government Bond,0.08555339900509873
2025-01-06,cDCC Minimum Variance,UK Gilt,0.0
2025-01-06,cDCC Minimum Variance,US IG,1.2657725951948804e-17
2025-01-06,cDCC Minimum Variance,US HY,0.0
2025-01-06,cDCC Minimum Variance,Europe IG,0.20000000000000007
2025-01-06,cDCC Minimum Variance,Europe HY,0.015604458489777212
2025-01-06,cDCC Minimum Variance,US REIT,0.0
2025-01-06,cDCC Minimum Variance,Japan REIT,0.20000000000000004
2025-01-06,cDCC Minimum Variance,Europe REIT,7.866953586584447e-19
2025-01-06,cDCC Minimum Variance,Crude Oil,0.030352721698341967
2025-01-06,cDCC Minimum Variance,Gold,1.7550522667109107e-18
2025-01-06,cDCC Minimum Variance,Copper,0.01656563234142707
2025-04-01,Equal Weight,Japan Equity,0.05555555555555555
2025-04-01,Equal Weight,US Equity,0.05555555555555555
2025-04-01,Equal Weight,Europe Equity,0.05555555555555555
2025-04-01,Equal Weight,Emerging Equity,0.05555555555555555
2025-04-01,Equal Weight,Japan Government Bond,0.05555555555555555
2025-04-01,Equal Weight,US Treasury 7-10Y,0.05555555555555555
2025-04-01,Equal Weight,Germany Government Bond,0.05555555555555555
2025-04-01,Equal Weight,UK Gilt,0.05555555555555555
2025-04-01,Equal Weight,US IG,0.05555555555555555
2025-04-01,Equal Weight,US HY,0.05555555555555555
2025-04-01,Equal Weight,Europe IG,0.05555555555555555
2025-04-01,Equal Weight,Europe HY,0.05555555555555555
2025-04-01,Equal Weight,US REIT,0.05555555555555555
2025-04-01,Equal Weight,Japan REIT,0.05555555555555555
2025-04-01,Equal Weight,Europe REIT,0.05555555555555555
2025-04-01,Equal Weight,Crude Oil,0.05555555555555555
2025-04-01,Equal Weight,Gold,0.05555555555555555
2025-04-01,Equal Weight,Copper,0.05555555555555555
2025-04-01,Shrinkage Risk Parity,Japan Equity,0.053547374772553794
2025-04-01,Shrinkage Risk Parity,US Equity,0.03360057570014199
2025-04-01,Shrinkage Risk Parity,Europe Equity,0.031740963682875316
2025-04-01,Shrinkage Risk Parity,Emerging Equity,0.033118626235830534
2025-04-01,Shrinkage Risk Parity,Japan Government Bond,0.2
2025-04-01,Shrinkage Risk Parity,US Treasury 7-10Y,0.05007350350422853
2025-04-01,Shrinkage Risk Parity,Germany Government Bond,0.06113448923155545
2025-04-01,Shrinkage Risk Parity,UK Gilt,0.050156759259169674
2025-04-01,Shrinkage Risk Parity,US IG,0.04424333056588091
2025-04-01,Shrinkage Risk Parity,US HY,0.04434764450255023
2025-04-01,Shrinkage Risk Parity,Europe IG,0.0556419893172376
2025-04-01,Shrinkage Risk Parity,Europe HY,0.05091139288516129
2025-04-01,Shrinkage Risk Parity,US REIT,0.030138913026503022
2025-04-01,Shrinkage Risk Parity,Japan REIT,0.1183898904883158
2025-04-01,Shrinkage Risk Parity,Europe REIT,0.03202687491645403
2025-04-01,Shrinkage Risk Parity,Crude Oil,0.036796213835301954
2025-04-01,Shrinkage Risk Parity,Gold,0.04087300127716082
2025-04-01,Shrinkage Risk Parity,Copper,0.033258456799079045
2025-04-01,cDCC Risk Parity,Japan Equity,0.03869168939012999
2025-04-01,cDCC Risk Parity,US Equity,0.031866495370330414
2025-04-01,cDCC Risk Parity,Europe Equity,0.03130855032048352
2025-04-01,cDCC Risk Parity,Emerging Equity,0.03735847221848484
2025-04-01,cDCC Risk Parity,Japan Government Bond,0.2
2025-04-01,cDCC Risk Parity,US Treasury 7-10Y,0.056339854937722665
2025-04-01,cDCC Risk Parity,Germany Government Bond,0.057273460776659534
2025-04-01,cDCC Risk Parity,UK Gilt,0.0535922427244324
2025-04-01,cDCC Risk Parity,US IG,0.05051767793420709
2025-04-01,cDCC Risk Parity,US HY,0.05202954170155167
2025-04-01,cDCC Risk Parity,Europe IG,0.06066557637319247
2025-04-01,cDCC Risk Parity,Europe HY,0.054161634556022735
2025-04-01,cDCC Risk Parity,US REIT,0.03580793336830774
2025-04-01,cDCC Risk Parity,Japan REIT,0.06616258630135001
2025-04-01,cDCC Risk Parity,Europe REIT,0.04169775650833478
2025-04-01,cDCC Risk Parity,Crude Oil,0.05519227255400577
2025-04-01,cDCC Risk Parity,Gold,0.04621301374468196
2025-04-01,cDCC Risk Parity,Copper,0.031121241220102354
2025-04-01,Shrinkage Minimum Variance,Japan Equity,0.045750749980166705
2025-04-01,Shrinkage Minimum Variance,US Equity,0.0
2025-04-01,Shrinkage Minimum Variance,Europe Equity,5.89687298686445e-17
2025-04-01,Shrinkage Minimum Variance,Emerging Equity,0.0
2025-04-01,Shrinkage Minimum Variance,Japan Government Bond,0.1999999999999999
2025-04-01,Shrinkage Minimum Variance,US Treasury 7-10Y,0.09539208081510456
2025-04-01,Shrinkage Minimum Variance,Germany Government Bond,0.13180215846302482
2025-04-01,Shrinkage Minimum Variance,UK Gilt,0.0
2025-04-01,Shrinkage Minimum Variance,US IG,1.8986733831269496e-17
2025-04-01,Shrinkage Minimum Variance,US HY,0.12631782558581559
2025-04-01,Shrinkage Minimum Variance,Europe IG,0.09796184883079075
2025-04-01,Shrinkage Minimum Variance,Europe HY,0.06396959422538495
2025-04-01,Shrinkage Minimum Variance,US REIT,0.0
2025-04-01,Shrinkage Minimum Variance,Japan REIT,0.19999999999999996
2025-04-01,Shrinkage Minimum Variance,Europe REIT,2.4033574547803143e-19
2025-04-01,Shrinkage Minimum Variance,Crude Oil,0.025038869431649114
2025-04-01,Shrinkage Minimum Variance,Gold,0.006323995759549688
2025-04-01,Shrinkage Minimum Variance,Copper,0.007442876908513848
2025-04-01,cDCC Minimum Variance,Japan Equity,0.0
2025-04-01,cDCC Minimum Variance,US Equity,0.0
2025-04-01,cDCC Minimum Variance,Europe Equity,0.0
2025-04-01,cDCC Minimum Variance,Emerging Equity,2.51378554695985e-17
2025-04-01,cDCC Minimum Variance,Japan Government Bond,0.2
2025-04-01,cDCC Minimum Variance,US Treasury 7-10Y,0.12747027109722742
2025-04-01,cDCC Minimum Variance,Germany Government Bond,0.011272364049105114
2025-04-01,cDCC Minimum Variance,UK Gilt,0.0
2025-04-01,cDCC Minimum Variance,US IG,7.735773802861614e-18
2025-04-01,cDCC Minimum Variance,US HY,0.19778686005384036
2025-04-01,cDCC Minimum Variance,Europe IG,0.2
2025-04-01,cDCC Minimum Variance,Europe HY,0.09236049705729046
2025-04-01,cDCC Minimum Variance,US REIT,1.7200895627323177e-17
2025-04-01,cDCC Minimum Variance,Japan REIT,0.10476711555834514
2025-04-01,cDCC Minimum Variance,Europe REIT,6.136507826170847e-18
2025-04-01,cDCC Minimum Variance,Crude Oil,0.06634289218419152
2025-04-01,cDCC Minimum Variance,Gold,0.0
2025-04-01,cDCC Minimum Variance,Copper,0.0
2025-07-01,Equal Weight,Japan Equity,0.05555555555555555
2025-07-01,Equal Weight,US Equity,0.05555555555555555
2025-07-01,Equal Weight,Europe Equity,0.05555555555555555
2025-07-01,Equal Weight,Emerging Equity,0.05555555555555555
2025-07-01,Equal Weight,Japan Government Bond,0.05555555555555555
2025-07-01,Equal Weight,US Treasury 7-10Y,0.05555555555555555
2025-07-01,Equal Weight,Germany Government Bond,0.05555555555555555
2025-07-01,Equal Weight,UK Gilt,0.05555555555555555
2025-07-01,Equal Weight,US IG,0.05555555555555555
2025-07-01,Equal Weight,US HY,0.05555555555555555
2025-07-01,Equal Weight,Europe IG,0.05555555555555555
2025-07-01,Equal Weight,Europe HY,0.05555555555555555
2025-07-01,Equal Weight,US REIT,0.05555555555555555
2025-07-01,Equal Weight,Japan REIT,0.05555555555555555
2025-07-01,Equal Weight,Europe REIT,0.05555555555555555
2025-07-01,Equal Weight,Crude Oil,0.05555555555555555
2025-07-01,Equal Weight,Gold,0.05555555555555555
2025-07-01,Equal Weight,Copper,0.05555555555555555
2025-07-01,Shrinkage Risk Parity,Japan Equity,0.051453108775963256
2025-07-01,Shrinkage Risk Parity,US Equity,0.03328611195372787
2025-07-01,Shrinkage Risk Parity,Europe Equity,0.03086586033118825
2025-07-01,Shrinkage Risk Parity,Emerging Equity,0.03259026702191727
2025-07-01,Shrinkage Risk Parity,Japan Government Bond,0.19999999999999998
2025-07-01,Shrinkage Risk Parity,US Treasury 7-10Y,0.04949051228259846
2025-07-01,Shrinkage Risk Parity,Germany Government Bond,0.0636863859976438
2025-07-01,Shrinkage Risk Parity,UK Gilt,0.050926733986484875
2025-07-01,Shrinkage Risk Parity,US IG,0.044112970878076
2025-07-01,Shrinkage Risk Parity,US HY,0.043707959130240386
2025-07-01,Shrinkage Risk Parity,Europe IG,0.056073091287195835
2025-07-01,Shrinkage Risk Parity,Europe HY,0.05068748338143787
2025-07-01,Shrinkage Risk Parity,US REIT,0.02976744179828982
2025-07-01,Shrinkage Risk Parity,Japan REIT,0.12428701240839259
2025-07-01,Shrinkage Risk Parity,Europe REIT,0.0327327993071692
2025-07-01,Shrinkage Risk Parity,Crude Oil,0.035728889513331655
2025-07-01,Shrinkage Risk Parity,Gold,0.038885191673488737
2025-07-01,Shrinkage Risk Parity,Copper,0.03171818027285422
2025-07-01,cDCC Risk Parity,Japan Equity,0.05816476508110417
2025-07-01,cDCC Risk Parity,US Equity,0.037388346820499255
2025-07-01,cDCC Risk Parity,Europe Equity,0.03029289375099644
2025-07-01,cDCC Risk Parity,Emerging Equity,0.028502889491414808
2025-07-01,cDCC Risk Parity,Japan Government Bond,0.2
2025-07-01,cDCC Risk Parity,US Treasury 7-10Y,0.04849950236578908
2025-07-01,cDCC Risk Parity,Germany Government Bond,0.06770846683851996
2025-07-01,cDCC Risk Parity,UK Gilt,0.05420331689700704
2025-07-01,cDCC Risk Parity,US IG,0.04041473317815476
2025-07-01,cDCC Risk Parity,US HY,0.04187007410158252
2025-07-01,cDCC Risk Parity,Europe IG,0.058580107822117845
2025-07-01,cDCC Risk Parity,Europe HY,0.055428766287481196
2025-07-01,cDCC Risk Parity,US REIT,0.027510386481428558
2025-07-01,cDCC Risk Parity,Japan REIT,0.12477925754754339
2025-07-01,cDCC Risk Parity,Europe REIT,0.03313607641101341
2025-07-01,cDCC Risk Parity,Crude Oil,0.029576893375947735
2025-07-01,cDCC Risk Parity,Gold,0.03377031451654654
2025-07-01,cDCC Risk Parity,Copper,0.030173209032853334
2025-07-01,Shrinkage Minimum Variance,Japan Equity,0.04219705327361507
2025-07-01,Shrinkage Minimum Variance,US Equity,3.5796064987327366e-17
2025-07-01,Shrinkage Minimum Variance,Europe Equity,0.0
2025-07-01,Shrinkage Minimum Variance,Emerging Equity,0.0
2025-07-01,Shrinkage Minimum Variance,Japan Government Bond,0.19999999999999998
2025-07-01,Shrinkage Minimum Variance,US Treasury 7-10Y,0.04212703178128478
2025-07-01,Shrinkage Minimum Variance,Germany Government Bond,0.19786696096008663
2025-07-01,Shrinkage Minimum Variance,UK Gilt,0.0
2025-07-01,Shrinkage Minimum Variance,US IG,0.0
2025-07-01,Shrinkage Minimum Variance,US HY,0.15475085259877508
2025-07-01,Shrinkage Minimum Variance,Europe IG,0.12246743886350576
2025-07-01,Shrinkage Minimum Variance,Europe HY,0.0
2025-07-01,Shrinkage Minimum Variance,US REIT,0.0
2025-07-01,Shrinkage Minimum Variance,Japan REIT,0.2
2025-07-01,Shrinkage Minimum Variance,Europe REIT,2.79648251022232e-18
2025-07-01,Shrinkage Minimum Variance,Crude Oil,0.02946183890183113
2025-07-01,Shrinkage Minimum Variance,Gold,4.8890741715518216e-18
2025-07-01,Shrinkage Minimum Variance,Copper,0.011128823620901613
2025-07-01,cDCC Minimum Variance,Japan Equity,0.06076890489739842
2025-07-01,cDCC Minimum Variance,US Equity,0.031172012528340693
2025-07-01,cDCC Minimum Variance,Europe Equity,0.0
2025-07-01,cDCC Minimum Variance,Emerging Equity,3.4292697531538825e-18
2025-07-01,cDCC Minimum Variance,Japan Government Bond,0.20000000000000004
2025-07-01,cDCC Minimum Variance,US Treasury 7-10Y,0.08145761808849239
2025-07-01,cDCC Minimum Variance,Germany Government Bond,0.20000000000000004
2025-07-01,cDCC Minimum Variance,UK Gilt,0.0
2025-07-01,cDCC Minimum Variance,US IG,1.562654419361581e-17
2025-07-01,cDCC Minimum Variance,US HY,0.03928426897336179
2025-07-01,cDCC Minimum Variance,Europe IG,0.08909677089089621
2025-07-01,cDCC Minimum Variance,Europe HY,0.07625038575240928
2025-07-01,cDCC Minimum Variance,US REIT,0.0
2025-07-01,cDCC Minimum Variance,Japan REIT,0.20000000000000004
2025-07-01,cDCC Minimum Variance,Europe REIT,2.2354644277891043e-19
2025-07-01,cDCC Minimum Variance,Crude Oil,0.014469901895669112
2025-07-01,cDCC Minimum Variance,Gold,1.897353801849633e-17
2025-07-01,cDCC Minimum Variance,Copper,0.007500136973432102
2025-10-01,Equal Weight,Japan Equity,0.05555555555555555
2025-10-01,Equal Weight,US Equity,0.05555555555555555
2025-10-01,Equal Weight,Europe Equity,0.05555555555555555
2025-10-01,Equal Weight,Emerging Equity,0.05555555555555555
2025-10-01,Equal Weight,Japan Government Bond,0.05555555555555555
2025-10-01,Equal Weight,US Treasury 7-10Y,0.05555555555555555
2025-10-01,Equal Weight,Germany Government Bond,0.05555555555555555
2025-10-01,Equal Weight,UK Gilt,0.05555555555555555
2025-10-01,Equal Weight,US IG,0.05555555555555555
2025-10-01,Equal Weight,US HY,0.05555555555555555
2025-10-01,Equal Weight,Europe IG,0.05555555555555555
2025-10-01,Equal Weight,Europe HY,0.05555555555555555
2025-10-01,Equal Weight,US REIT,0.05555555555555555
2025-10-01,Equal Weight,Japan REIT,0.05555555555555555
2025-10-01,Equal Weight,Europe REIT,0.05555555555555555
2025-10-01,Equal Weight,Crude Oil,0.05555555555555555
2025-10-01,Equal Weight,Gold,0.05555555555555555
2025-10-01,Equal Weight,Copper,0.05555555555555555
2025-10-01,Shrinkage Risk Parity,Japan Equity,0.05131044957610252
2025-10-01,Shrinkage Risk Parity,US Equity,0.03440601217274657
2025-10-01,Shrinkage Risk Parity,Europe Equity,0.03135917952983068
2025-10-01,Shrinkage Risk Parity,Emerging Equity,0.03258342360406232
2025-10-01,Shrinkage Risk Parity,Japan Government Bond,0.19999999999999998
2025-10-01,Shrinkage Risk Parity,US Treasury 7-10Y,0.0481562604451941
2025-10-01,Shrinkage Risk Parity,Germany Government Bond,0.06395975403993054
2025-10-01,Shrinkage Risk Parity,UK Gilt,0.05106972519077988
2025-10-01,Shrinkage Risk Parity,US IG,0.043347768418960576
2025-10-01,Shrinkage Risk Parity,US HY,0.043832996939360984
2025-10-01,Shrinkage Risk Parity,Europe IG,0.057350083888878155
2025-10-01,Shrinkage Risk Parity,Europe HY,0.051970934102047256
2025-10-01,Shrinkage Risk Parity,US REIT,0.0304139206389373
2025-10-01,Shrinkage Risk Parity,Japan REIT,0.12125498155257886
2025-10-01,Shrinkage Risk Parity,Europe REIT,0.03392398633667208
2025-10-01,Shrinkage Risk Parity,Crude Oil,0.0372815532036151
2025-10-01,Shrinkage Risk Parity,Gold,0.037812372856375905
2025-10-01,Shrinkage Risk Parity,Copper,0.0299665975039272
2025-10-01,cDCC Risk Parity,Japan Equity,0.057907799066714616
2025-10-01,cDCC Risk Parity,US Equity,0.040186791642493794
2025-10-01,cDCC Risk Parity,Europe Equity,0.0321258520260401
2025-10-01,cDCC Risk Parity,Emerging Equity,0.036223424619822094
2025-10-01,cDCC Risk Parity,Japan Government Bond,0.2
2025-10-01,cDCC Risk Parity,US Treasury 7-10Y,0.040901603548454055
2025-10-01,cDCC Risk Parity,Germany Government Bond,0.05851169795865236
2025-10-01,cDCC Risk Parity,UK Gilt,0.05110473021895748
2025-10-01,cDCC Risk Parity,US IG,0.039061914457965814
2025-10-01,cDCC Risk Parity,US HY,0.044515069381387454
2025-10-01,cDCC Risk Parity,Europe IG,0.07141155398039876
2025-10-01,cDCC Risk Parity,Europe HY,0.06489526076248556
2025-10-01,cDCC Risk Parity,US REIT,0.028833087391612472
2025-10-01,cDCC Risk Parity,Japan REIT,0.09913478877027723
2025-10-01,cDCC Risk Parity,Europe REIT,0.043647451574755365
2025-10-01,cDCC Risk Parity,Crude Oil,0.03355001265054703
2025-10-01,cDCC Risk Parity,Gold,0.0315680455608657
2025-10-01,cDCC Risk Parity,Copper,0.026420916388570092
2025-10-01,Shrinkage Minimum Variance,Japan Equity,0.03656364666469826
2025-10-01,Shrinkage Minimum Variance,US Equity,1.9825568339216726e-17
2025-10-01,Shrinkage Minimum Variance,Europe Equity,0.0
2025-10-01,Shrinkage Minimum Variance,Emerging Equity,0.0
2025-10-01,Shrinkage Minimum Variance,Japan Government Bond,0.19999999999999996
2025-10-01,Shrinkage Minimum Variance,US Treasury 7-10Y,0.02377290888429337
2025-10-01,Shrinkage Minimum Variance,Germany Government Bond,0.19568041679353648
2025-10-01,Shrinkage Minimum Variance,UK Gilt,1.8509514699937294e-17
2025-10-01,Shrinkage Minimum Variance,US IG,0.0
2025-10-01,Shrinkage Minimum Variance,US HY,0.16083244758896553
2025-10-01,Shrinkage Minimum Variance,Europe IG,0.14103305346848688
2025-10-01,Shrinkage Minimum Variance,Europe HY,0.0022749955693417033
2025-10-01,Shrinkage Minimum Variance,US REIT,0.0
2025-10-01,Shrinkage Minimum Variance,Japan REIT,0.19999999999999998
2025-10-01,Shrinkage Minimum Variance,Europe REIT,3.387276273648204e-17
2025-10-01,Shrinkage Minimum Variance,Crude Oil,0.03138784409035687
2025-10-01,Shrinkage Minimum Variance,Gold,4.9098688304069146e-17
2025-10-01,Shrinkage Minimum Variance,Copper,0.008454686940320812
2025-10-01,cDCC Minimum Variance,Japan Equity,0.020318683967680797
2025-10-01,cDCC Minimum Variance,US Equity,0.009282830237812408
2025-10-01,cDCC Minimum Variance,Europe Equity,0.0
2025-10-01,cDCC Minimum Variance,Emerging Equity,7.293517117574139e-18
2025-10-01,cDCC Minimum Variance,Japan Government Bond,0.19999999999999998
2025-10-01,cDCC Minimum Variance,US Treasury 7-10Y,0.0
2025-10-01,cDCC Minimum Variance,Germany Government Bond,0.025467844410261963
2025-10-01,cDCC Minimum Variance,UK Gilt,0.0
2025-10-01,cDCC Minimum Variance,US IG,7.555277003779805e-18
2025-10-01,cDCC Minimum Variance,US HY,0.1462751179071332
2025-10-01,cDCC Minimum Variance,Europe IG,0.2
2025-10-01,cDCC Minimum Variance,Europe HY,0.2
2025-10-01,cDCC Minimum Variance,US REIT,2.7983399719996542e-18
2025-10-01,cDCC Minimum Variance,Japan REIT,0.1911469420772056
2025-10-01,cDCC Minimum Variance,Europe REIT,2.0218225176042744e-18
2025-10-01,cDCC Minimum Variance,Crude Oil,0.0007410539584498329
2025-10-01,cDCC Minimum Variance,Gold,0.0
2025-10-01,cDCC Minimum Variance,Copper,0.006767527441456237
2026-01-05,Equal Weight,Japan Equity,0.05555555555555555
2026-01-05,Equal Weight,US Equity,0.05555555555555555
2026-01-05,Equal Weight,Europe Equity,0.05555555555555555
2026-01-05,Equal Weight,Emerging Equity,0.05555555555555555
2026-01-05,Equal Weight,Japan Government Bond,0.05555555555555555
2026-01-05,Equal Weight,US Treasury 7-10Y,0.05555555555555555
2026-01-05,Equal Weight,Germany Government Bond,0.05555555555555555
2026-01-05,Equal Weight,UK Gilt,0.05555555555555555
2026-01-05,Equal Weight,US IG,0.05555555555555555
2026-01-05,Equal Weight,US HY,0.05555555555555555
2026-01-05,Equal Weight,Europe IG,0.05555555555555555
2026-01-05,Equal Weight,Europe HY,0.05555555555555555
2026-01-05,Equal Weight,US REIT,0.05555555555555555
2026-01-05,Equal Weight,Japan REIT,0.05555555555555555
2026-01-05,Equal Weight,Europe REIT,0.05555555555555555
2026-01-05,Equal Weight,Crude Oil,0.05555555555555555
2026-01-05,Equal Weight,Gold,0.05555555555555555
2026-01-05,Equal Weight,Copper,0.05555555555555555
2026-01-05,Shrinkage Risk Parity,Japan Equity,0.04778704113331422
2026-01-05,Shrinkage Risk Parity,US Equity,0.03478049094011369
2026-01-05,Shrinkage Risk Parity,Europe Equity,0.032097294322204234
2026-01-05,Shrinkage Risk Parity,Emerging Equity,0.03190546192039502
2026-01-05,Shrinkage Risk Parity,Japan Government Bond,0.1999999999999998
2026-01-05,Shrinkage Risk Parity,US Treasury 7-10Y,0.04814205579219833
2026-01-05,Shrinkage Risk Parity,Germany Government Bond,0.0653385543385012
2026-01-05,Shrinkage Risk Parity,UK Gilt,0.05408773490063829
2026-01-05,Shrinkage Risk Parity,US IG,0.043882982857070346
2026-01-05,Shrinkage Risk Parity,US HY,0.04462264678121341
2026-01-05,Shrinkage Risk Parity,Europe IG,0.05769771679541352
2026-01-05,Shrinkage Risk Parity,Europe HY,0.05364220326044765
2026-01-05,Shrinkage Risk Parity,US REIT,0.03064918149599068
2026-01-05,Shrinkage Risk Parity,Japan REIT,0.11679998623599337
2026-01-05,Shrinkage Risk Parity,Europe REIT,0.03622311623195158
2026-01-05,Shrinkage Risk Parity,Crude Oil,0.03694448877010184
2026-01-05,Shrinkage Risk Parity,Gold,0.036232244782607254
2026-01-05,Shrinkage Risk Parity,Copper,0.029166799441845685
2026-01-05,cDCC Risk Parity,Japan Equity,0.059462389738893555
2026-01-05,cDCC Risk Parity,US Equity,0.035184089364743015
2026-01-05,cDCC Risk Parity,Europe Equity,0.032155907280388564
2026-01-05,cDCC Risk Parity,Emerging Equity,0.03125183210873453
2026-01-05,cDCC Risk Parity,Japan Government Bond,0.2
2026-01-05,cDCC Risk Parity,US Treasury 7-10Y,0.046124454596572856
2026-01-05,cDCC Risk Parity,Germany Government Bond,0.06516309657707864
2026-01-05,cDCC Risk Parity,UK Gilt,0.05158804745191863
2026-01-05,cDCC Risk Parity,US IG,0.04353779775255062
2026-01-05,cDCC Risk Parity,US HY,0.04856197751623124
2026-01-05,cDCC Risk Parity,Europe IG,0.06002421222329728
2026-01-05,cDCC Risk Parity,Europe HY,0.059525080892304565
2026-01-05,cDCC Risk Parity,US REIT,0.030890646407791756
2026-01-05,cDCC Risk Parity,Japan REIT,0.11497478140827656
2026-01-05,cDCC Risk Parity,Europe REIT,0.05123235223525886
2026-01-05,cDCC Risk Parity,Crude Oil,0.0292797850218206
2026-01-05,cDCC Risk Parity,Gold,0.01981180509603002
2026-01-05,cDCC Risk Parity,Copper,0.021231744328108808
2026-01-05,Shrinkage Minimum Variance,Japan Equity,0.017133580814570358
2026-01-05,Shrinkage Minimum Variance,US Equity,4.630903798337517e-17
2026-01-05,Shrinkage Minimum Variance,Europe Equity,1.3071005601957775e-18
2026-01-05,Shrinkage Minimum Variance,Emerging Equity,9.80284102115641e-18
2026-01-05,Shrinkage Minimum Variance,Japan Government Bond,0.2
2026-01-05,Shrinkage Minimum Variance,US Treasury 7-10Y,0.012014536686251288
2026-01-05,Shrinkage Minimum Variance,Germany Government Bond,0.19999999999999996
2026-01-05,Shrinkage Minimum Variance,UK Gilt,3.4026600717029168e-18
2026-01-05,Shrinkage Minimum Variance,US IG,1.267213980180494e-18
2026-01-05,Shrinkage Minimum Variance,US HY,0.17060809981139233
2026-01-05,Shrinkage Minimum Variance,Europe IG,0.11331070076544626
2026-01-05,Shrinkage Minimum Variance,Europe HY,0.0543196440293687
2026-01-05,Shrinkage Minimum Variance,US REIT,0.0
2026-01-05,Shrinkage Minimum Variance,Japan REIT,0.2
2026-01-05,Shrinkage Minimum Variance,Europe REIT,0.0
2026-01-05,Shrinkage Minimum Variance,Crude Oil,0.0271514330032413
2026-01-05,Shrinkage Minimum Variance,Gold,1.4555414165617897e-17
2026-01-05,Shrinkage Minimum Variance,Copper,0.005462004889729755
2026-01-05,cDCC Minimum Variance,Japan Equity,0.03412628374407018
2026-01-05,cDCC Minimum Variance,US Equity,6.975128935244669e-17
2026-01-05,cDCC Minimum Variance,Europe Equity,1.5996623230261147e-19
2026-01-05,cDCC Minimum Variance,Emerging Equity,0.0
2026-01-05,cDCC Minimum Variance,Japan Government Bond,0.2
2026-01-05,cDCC Minimum Variance,US Treasury 7-10Y,0.0
2026-01-05,cDCC Minimum Variance,Germany Government Bond,0.10699266241854226
2026-01-05,cDCC Minimum Variance,UK Gilt,1.9718383613937993e-17
2026-01-05,cDCC Minimum Variance,US IG,0.0
2026-01-05,cDCC Minimum Variance,US HY,0.19317791112063265
2026-01-05,cDCC Minimum Variance,Europe IG,0.10487523124152949
2026-01-05,cDCC Minimum Variance,Europe HY,0.1608279114752254
2026-01-05,cDCC Minimum Variance,US REIT,0.0
2026-01-05,cDCC Minimum Variance,Japan REIT,0.2
2026-01-05,cDCC Minimum Variance,Europe REIT,9.478409846445623e-18
2026-01-05,cDCC Minimum Variance,Crude Oil,2.8848745047971626e-18
2026-01-05,cDCC Minimum Variance,Gold,7.040700989563145e-19
2026-01-05,cDCC Minimum Variance,Copper,0.0
2026-04-01,Equal Weight,Japan Equity,0.05555555555555555
2026-04-01,Equal Weight,US Equity,0.05555555555555555
2026-04-01,Equal Weight,Europe Equity,0.05555555555555555
2026-04-01,Equal Weight,Emerging Equity,0.05555555555555555
2026-04-01,Equal Weight,Japan Government Bond,0.05555555555555555
2026-04-01,Equal Weight,US Treasury 7-10Y,0.05555555555555555
2026-04-01,Equal Weight,Germany Government Bond,0.05555555555555555
2026-04-01,Equal Weight,UK Gilt,0.05555555555555555
2026-04-01,Equal Weight,US IG,0.05555555555555555
2026-04-01,Equal Weight,US HY,0.05555555555555555
2026-04-01,Equal Weight,Europe IG,0.05555555555555555
2026-04-01,Equal Weight,Europe HY,0.05555555555555555
2026-04-01,Equal Weight,US REIT,0.05555555555555555
2026-04-01,Equal Weight,Japan REIT,0.05555555555555555
2026-04-01,Equal Weight,Europe REIT,0.05555555555555555
2026-04-01,Equal Weight,Crude Oil,0.05555555555555555
2026-04-01,Equal Weight,Gold,0.05555555555555555
2026-04-01,Equal Weight,Copper,0.05555555555555555
2026-04-01,Shrinkage Risk Parity,Japan Equity,0.04304050504559655
2026-04-01,Shrinkage Risk Parity,US Equity,0.03638148000167197
2026-04-01,Shrinkage Risk Parity,Europe Equity,0.033489987241481466
2026-04-01,Shrinkage Risk Parity,Emerging Equity,0.03192632588049825
2026-04-01,Shrinkage Risk Parity,Japan Government Bond,0.2000000000000001
2026-04-01,Shrinkage Risk Parity,US Treasury 7-10Y,0.04868217315697146
2026-04-01,Shrinkage Risk Parity,Germany Government Bond,0.06290761495103957
2026-04-01,Shrinkage Risk Parity,UK Gilt,0.053071991293544785
2026-04-01,Shrinkage Risk Parity,US IG,0.0452409169629737
2026-04-01,Shrinkage Risk Parity,US HY,0.04660988452250581
2026-04-01,Shrinkage Risk Parity,Europe IG,0.05802666030449193
2026-04-01,Shrinkage Risk Parity,Europe HY,0.054816632733388035
2026-04-01,Shrinkage Risk Parity,US REIT,0.03266283977064472
2026-04-01,Shrinkage Risk Parity,Japan REIT,0.11861739319920876
2026-04-01,Shrinkage Risk Parity,Europe REIT,0.036376484087241104
2026-04-01,Shrinkage Risk Parity,Crude Oil,0.03667126706130214
2026-04-01,Shrinkage Risk Parity,Gold,0.033715404060604234
2026-04-01,Shrinkage Risk Parity,Copper,0.02776243972683541
2026-04-01,cDCC Risk Parity,Japan Equity,0.047675336656466
2026-04-01,cDCC Risk Parity,US Equity,0.03531715155287412
2026-04-01,cDCC Risk Parity,Europe Equity,0.02958650717110729
2026-04-01,cDCC Risk Parity,Emerging Equity,0.02311240710849776
2026-04-01,cDCC Risk Parity,Japan Government Bond,0.20000000000000004
2026-04-01,cDCC Risk Parity,US Treasury 7-10Y,0.05634801322597719
2026-04-01,cDCC Risk Parity,Germany Government Bond,0.08399171807709345
2026-04-01,cDCC Risk Parity,UK Gilt,0.059169610849525614
2026-04-01,cDCC Risk Parity,US IG,0.05364391796010879
2026-04-01,cDCC Risk Parity,US HY,0.058156303352360446
2026-04-01,cDCC Risk Parity,Europe IG,0.06924563112641219
2026-04-01,cDCC Risk Parity,Europe HY,0.06725337589088476
2026-04-01,cDCC Risk Parity,US REIT,0.04015923660854236
2026-04-01,cDCC Risk Parity,Japan REIT,0.06511479723784534
2026-04-01,cDCC Risk Parity,Europe REIT,0.03265814638775805
2026-04-01,cDCC Risk Parity,Crude Oil,0.027384725174172977
2026-04-01,cDCC Risk Parity,Gold,0.019041873304789344
2026-04-01,cDCC Risk Parity,Copper,0.03214124831558434
2026-04-01,Shrinkage Minimum Variance,Japan Equity,7.809036194493212e-18
2026-04-01,Shrinkage Minimum Variance,US Equity,1.2467625758578552e-17
2026-04-01,Shrinkage Minimum Variance,Europe Equity,0.0
2026-04-01,Shrinkage Minimum Variance,Emerging Equity,0.0
2026-04-01,Shrinkage Minimum Variance,Japan Government Bond,0.2
2026-04-01,Shrinkage Minimum Variance,US Treasury 7-10Y,0.0
2026-04-01,Shrinkage Minimum Variance,Germany Government Bond,0.15336676490779372
2026-04-01,Shrinkage Minimum Variance,UK Gilt,7.268855165686877e-18
2026-04-01,Shrinkage Minimum Variance,US IG,2.0593765485310217e-18
2026-04-01,Shrinkage Minimum Variance,US HY,0.19981296679774102
2026-04-01,Shrinkage Minimum Variance,Europe IG,0.13334456175989665
2026-04-01,Shrinkage Minimum Variance,Europe HY,0.09083498891260507
2026-04-01,Shrinkage Minimum Variance,US REIT,5.285209882335712e-18
2026-04-01,Shrinkage Minimum Variance,Japan REIT,0.2
2026-04-01,Shrinkage Minimum Variance,Europe REIT,0.0
2026-04-01,Shrinkage Minimum Variance,Crude Oil,0.020173501793231366
2026-04-01,Shrinkage Minimum Variance,Gold,1.9339879768183812e-18
2026-04-01,Shrinkage Minimum Variance,Copper,0.0024672158287322443
2026-04-01,cDCC Minimum Variance,Japan Equity,0.001123017365019817
2026-04-01,cDCC Minimum Variance,US Equity,7.22748318120684e-18
2026-04-01,cDCC Minimum Variance,Europe Equity,3.5882819545056626e-17
2026-04-01,cDCC Minimum Variance,Emerging Equity,0.0
2026-04-01,cDCC Minimum Variance,Japan Government Bond,0.19999999999999996
2026-04-01,cDCC Minimum Variance,US Treasury 7-10Y,0.021019593133215376
2026-04-01,cDCC Minimum Variance,Germany Government Bond,0.19999999999999996
2026-04-01,cDCC Minimum Variance,UK Gilt,0.0
2026-04-01,cDCC Minimum Variance,US IG,0.0006772584436077366
2026-04-01,cDCC Minimum Variance,US HY,0.19999999999999996
2026-04-01,cDCC Minimum Variance,Europe IG,0.1438065739595221
2026-04-01,cDCC Minimum Variance,Europe HY,0.15989640590537363
2026-04-01,cDCC Minimum Variance,US REIT,0.0
2026-04-01,cDCC Minimum Variance,Japan REIT,0.05892911477708335
2026-04-01,cDCC Minimum Variance,Europe REIT,0.0
2026-04-01,cDCC Minimum Variance,Crude Oil,0.006633501583322939
2026-04-01,cDCC Minimum Variance,Gold,6.347453148486912e-19
2026-04-01,cDCC Minimum Variance,Copper,0.007914534832855036
2026-07-01,Equal Weight,Japan Equity,0.05555555555555555
2026-07-01,Equal Weight,US Equity,0.05555555555555555
2026-07-01,Equal Weight,Europe Equity,0.05555555555555555
2026-07-01,Equal Weight,Emerging Equity,0.05555555555555555
2026-07-01,Equal Weight,Japan Government Bond,0.05555555555555555
2026-07-01,Equal Weight,US Treasury 7-10Y,0.05555555555555555
2026-07-01,Equal Weight,Germany Government Bond,0.05555555555555555
2026-07-01,Equal Weight,UK Gilt,0.05555555555555555
2026-07-01,Equal Weight,US IG,0.05555555555555555
2026-07-01,Equal Weight,US HY,0.05555555555555555
2026-07-01,Equal Weight,Europe IG,0.05555555555555555
2026-07-01,Equal Weight,Europe HY,0.05555555555555555
2026-07-01,Equal Weight,US REIT,0.05555555555555555
2026-07-01,Equal Weight,Japan REIT,0.05555555555555555
2026-07-01,Equal Weight,Europe REIT,0.05555555555555555
2026-07-01,Equal Weight,Crude Oil,0.05555555555555555
2026-07-01,Equal Weight,Gold,0.05555555555555555
2026-07-01,Equal Weight,Copper,0.05555555555555555
2026-07-01,Shrinkage Risk Parity,Japan Equity,0.04176541168625066
2026-07-01,Shrinkage Risk Parity,US Equity,0.036270526379554344
2026-07-01,Shrinkage Risk Parity,Europe Equity,0.032619845465684104
2026-07-01,Shrinkage Risk Parity,Emerging Equity,0.03026589938108835
2026-07-01,Shrinkage Risk Parity,Japan Government Bond,0.20000000000000007
2026-07-01,Shrinkage Risk Parity,US Treasury 7-10Y,0.05136591051628825
2026-07-01,Shrinkage Risk Parity,Germany Government Bond,0.0657960395335809
2026-07-01,Shrinkage Risk Parity,UK Gilt,0.05345136401155224
2026-07-01,Shrinkage Risk Parity,US IG,0.04717772274236575
2026-07-01,Shrinkage Risk Parity,US HY,0.048608476591371096
2026-07-01,Shrinkage Risk Parity,Europe IG,0.05932494399416023
2026-07-01,Shrinkage Risk Parity,Europe HY,0.05494248718687944
2026-07-01,Shrinkage Risk Parity,US REIT,0.033793523927606726
2026-07-01,Shrinkage Risk Parity,Japan REIT,0.11082433832531637
2026-07-01,Shrinkage Risk Parity,Europe REIT,0.0360505274743718
2026-07-01,Shrinkage Risk Parity,Crude Oil,0.038207391118913754
2026-07-01,Shrinkage Risk Parity,Gold,0.03292041976877035
2026-07-01,Shrinkage Risk Parity,Copper,0.02661517189624566
2026-07-01,cDCC Risk Parity,Japan Equity,0.0494924101334901
2026-07-01,cDCC Risk Parity,US Equity,0.033299512692192175
2026-07-01,cDCC Risk Parity,Europe Equity,0.030874182825526668
2026-07-01,cDCC Risk Parity,Emerging Equity,0.016370943363326212
2026-07-01,cDCC Risk Parity,Japan Government Bond,0.1999999999999999
2026-07-01,cDCC Risk Parity,US Treasury 7-10Y,0.05275105327728195
2026-07-01,cDCC Risk Parity,Germany Government Bond,0.07107736799020534
2026-07-01,cDCC Risk Parity,UK Gilt,0.05599333800356778
2026-07-01,cDCC Risk Parity,US IG,0.054767672542718665
2026-07-01,cDCC Risk Parity,US HY,0.06680139851737665
2026-07-01,cDCC Risk Parity,Europe IG,0.05986782986534786
2026-07-01,cDCC Risk Parity,Europe HY,0.06427647429160935
2026-07-01,cDCC Risk Parity,US REIT,0.03112240584967823
2026-07-01,cDCC Risk Parity,Japan REIT,0.1040195564356617
2026-07-01,cDCC Risk Parity,Europe REIT,0.03458663384871463
2026-07-01,cDCC Risk Parity,Crude Oil,0.02691597636243554
2026-07-01,cDCC Risk Parity,Gold,0.02250467003715548
2026-07-01,cDCC Risk Parity,Copper,0.025278573963711637
2026-07-01,Shrinkage Minimum Variance,Japan Equity,0.0
2026-07-01,Shrinkage Minimum Variance,US Equity,1.2801262063941714e-17
2026-07-01,Shrinkage Minimum Variance,Europe Equity,0.0
2026-07-01,Shrinkage Minimum Variance,Emerging Equity,0.0
2026-07-01,Shrinkage Minimum Variance,Japan Government Bond,0.2
2026-07-01,Shrinkage Minimum Variance,US Treasury 7-10Y,0.019097156233944364
2026-07-01,Shrinkage Minimum Variance,Germany Government Bond,0.17419954603541726
2026-07-01,Shrinkage Minimum Variance,UK Gilt,4.3775769850738436e-18
2026-07-01,Shrinkage Minimum Variance,US IG,1.1474319617287583e-17
2026-07-01,Shrinkage Minimum Variance,US HY,0.19999999999999998
2026-07-01,Shrinkage Minimum Variance,Europe IG,0.13851026494059432
2026-07-01,Shrinkage Minimum Variance,Europe HY,0.04633659723580866
2026-07-01,Shrinkage Minimum Variance,US REIT,1.8801028043927947e-17
2026-07-01,Shrinkage Minimum Variance,Japan REIT,0.2
2026-07-01,Shrinkage Minimum Variance,Europe REIT,0.0
2026-07-01,Shrinkage Minimum Variance,Crude Oil,0.021856435554235398
2026-07-01,Shrinkage Minimum Variance,Gold,0.0
2026-07-01,Shrinkage Minimum Variance,Copper,2.3687106548431704e-17
2026-07-01,cDCC Minimum Variance,Japan Equity,0.020634409848897618
2026-07-01,cDCC Minimum Variance,US Equity,8.657794690635312e-19
2026-07-01,cDCC Minimum Variance,Europe Equity,0.0
2026-07-01,cDCC Minimum Variance,Emerging Equity,9.900257109451778e-19
2026-07-01,cDCC Minimum Variance,Japan Government Bond,0.2
2026-07-01,cDCC Minimum Variance,US Treasury 7-10Y,6.191977440951857e-18
2026-07-01,cDCC Minimum Variance,Germany Government Bond,0.14319660201126103
2026-07-01,cDCC Minimum Variance,UK Gilt,2.4373988515992784e-17
2026-07-01,cDCC Minimum Variance,US IG,0.07904569414104738
2026-07-01,cDCC Minimum Variance,US HY,0.2
2026-07-01,cDCC Minimum Variance,Europe IG,6.750447591936766e-18
2026-07-01,cDCC Minimum Variance,Europe HY,0.17216485665909087
2026-07-01,cDCC Minimum Variance,US REIT,0.0
2026-07-01,cDCC Minimum Variance,Japan REIT,0.18012970575793794
2026-07-01,cDCC Minimum Variance,Europe REIT,0.0
2026-07-01,cDCC Minimum Variance,Crude Oil,0.004828731581765195
2026-07-01,cDCC Minimum Variance,Gold,0.0
2026-07-01,cDCC Minimum Variance,Copper,0.0
