Date,Equal Weight,TSMOM Inverse Volatility,TSMOM Shrinkage Precision,TSMOM cDCC Precision
2022-07-12,0.996822200904819,1.0026930906269909,1.002059518965486,1.0013860097275962
2022-07-13,0.9936654700239466,1.0049550038997161,1.0022620570632685,1.0021635162570386
2022-07-14,0.9916591827271967,1.0071467345887268,1.004939995225117,1.0041029851653644
2022-07-15,1.0071079627660633,1.0056310792547274,1.0074686676601647,1.005514472104833
2022-07-19,1.0173706284566992,1.001249857601991,1.0070686692966113,1.0048086126471745
2022-07-20,1.0193748922077057,0.9970001240297779,1.0052998358686323,1.0025360818025895
2022-07-21,1.0253821405398824,0.9976670155300466,1.006267656116111,1.003008158965764
2022-07-22,1.0230916462425406,0.9927604968460484,1.002752590797769,0.999967725180569
2022-07-25,1.0186356606503524,0.9937326582491715,1.0010436760257548,0.9988743735047895
2022-07-26,1.0155742615097607,0.9941969701906341,1.0006000637586157,0.9985483678916832
2022-07-27,1.0288538094825224,0.9932530755729676,1.0008046435510647,0.9981933665693439
2022-07-28,1.0349569433157113,0.9883098015797355,0.9994827109415056,0.9971578119180835
2022-07-29,1.0310114036707276,0.9868694941450328,0.997428989887208,0.996163424375255
2022-08-01,1.022278140078403,0.9867628536344901,0.9956256295792707,0.9944565470062705
2022-08-02,1.004874813755295,0.9883915103381151,0.99468309977471,0.9953626226541363
2022-08-03,1.0162022710567693,0.9909486315263835,0.9990271782502865,0.9985189641546633
2022-08-04,1.0213846174577315,0.9884922591313094,0.9959425809043633,0.9950606726826617
2022-08-05,1.009712315261607,0.9884392122803358,0.9944645232179734,0.9947862442058324
2022-08-08,1.0292960930297328,0.9870778319105051,0.9962754423073223,0.9950658065866078
2022-08-09,1.0252780364240743,0.9889049248511219,0.9975300720577345,0.9970066185181548
2022-08-10,1.0373188910769313,0.9858358000701338,0.9973174088418315,0.9962125712712026
2022-08-12,1.043201006993868,0.9881345031733255,1.002471788076803,1.001074828558594
2022-08-15,1.0419330386161312,0.9887533246445911,1.003944924407638,1.0017627889961216
2022-08-16,1.0352487050908983,0.9935521282130558,1.0064286794735335,1.0044346337059697
2022-08-17,1.0367689760373786,0.9932439615135467,1.0066155822177782,1.0038208468851297
2022-08-18,1.0415220368170655,0.9950418068965203,1.0083625733449313,1.0052299063831251
2022-08-19,1.0363823933194833,1.0001404743624316,1.0115333271826104,1.0082273480025294
2022-08-22,1.0317372133944078,1.0070974686978496,1.0157931537703013,1.012278176489716
2022-08-23,1.0341276882802166,1.010534888868221,1.0176781606080278,1.0144611428874952
2022-08-24,1.0306787644775646,1.0107937486297547,1.0189442620637041,1.016384986374378
2022-08-25,1.0378161347786392,1.0112399142544943,1.0190984611345208,1.016051201436426
2022-08-26,1.0246802560308643,1.0102074469256372,1.015223068804253,1.0124479876285317
2022-08-30,1.0247528527968706,1.0084885856595158,1.0145125272194515,1.0105865661142017
2022-08-31,1.0184554391262897,1.0093969514487258,1.0142972826625551,1.0104132567971476
2022-09-01,1.0107963042070485,1.0178152406525367,1.0215858383381986,1.017856479683922
2022-09-02,1.015100030585466,1.017336430345821,1.0221629799771257,1.0181926429764863
2022-09-06,1.01688042380096,1.0124588448569958,1.0183953140892366,1.0147787972904427
2022-09-07,1.0363487198995123,1.0126636698790696,1.0216699693434037,1.0162902264257139
2022-09-08,1.0429276257057936,1.0120142880228946,1.022389991792181,1.0164031743405515
2022-09-09,1.0504975299278132,1.0097302132800063,1.0215063619619933,1.0152893540591772
2022-09-12,1.0535755355215959,1.0013409507393438,1.0149134721074893,1.0092033965808915
2022-09-13,1.0381428466150018,1.0003400514030791,1.0112646251635984,1.005659624105304
2022-09-14,1.0421447924148235,1.0093459595561864,1.0166801980896034,1.0102886552785333
2022-09-15,1.02525045458022,1.0082728994438794,1.0128999693952712,1.0071847402489642
2022-09-16,1.0267899380748502,1.0106840244003292,1.0146693064895396,1.0089947554585095
2022-09-20,1.015715354147389,1.0172065411907576,1.0173809134402245,1.011862585133396
2022-09-21,1.0110524680547806,1.0225253421362746,1.0212954126236795,1.0160539915971094
2022-09-22,1.005001313895204,1.028396749448023,1.0233785500823251,1.0184116224305906
2022-09-26,0.985739340179213,1.050317473460346,1.0378742503634064,1.0338974747294254
2022-09-27,0.983711744051782,1.0560540847868851,1.0420508588922885,1.0380229924771516
2022-09-28,1.001667439989884,1.0558507757887379,1.0425372410833476,1.03806786917131
2022-09-29,0.9951756012777893,1.050323497751739,1.0354423005864906,1.0310874264378136
2022-09-30,1.0028241802600673,1.0316418230851687,1.0215846183855142,1.017115178333323
2022-10-03,1.0167311998631243,1.0398391568058938,1.0246393420229918,1.0210422767097853
2022-10-04,1.036953224678422,1.0434165957792858,1.0238342888572673,1.0220590482529932
2022-10-05,1.0295921258211296,1.0408944717164907,1.0242658713303234,1.0204434229700547
2022-10-06,1.0253022715415163,1.042121849256107,1.0256002118116099,1.0220318679332776
2022-10-07,1.0132823334870813,1.040355607119111,1.0238740981498968,1.018778120823939
2022-10-11,1.0091239438620643,1.041112403125169,1.0266484142821648,1.0214025478572877
2022-10-12,1.0048319947010462,1.0457210126689043,1.0296261952883177,1.0228896761406108
2022-10-13,1.0172323279514313,1.048563064824886,1.0293118215267218,1.0238211600939242
2022-10-14,1.0192947646272947,1.0426658548408112,1.027039330344074,1.0230997142252491
2022-10-17,1.0364234043154315,1.046445481049312,1.022766985412968,1.0207939997223436
2022-10-18,1.0444873879706198,1.0507735639199693,1.0260322144889893,1.0251587393868542
2022-10-19,1.0383093433659312,1.044804281126132,1.0231059050104832,1.0219123668724361
2022-10-20,1.0384360644738875,1.0433790017531952,1.0194624939954662,1.0182523210345318
2022-10-21,1.045473624596345,1.0541478022127322,1.025918929622471,1.024681785029792
2022-10-24,1.0359233992064547,1.040908077527952,1.0217718415741988,1.0220607653790652
2022-10-25,1.0532979248247492,1.0484308537552194,1.0236273121851824,1.0259019365431916
2022-10-26,1.06119873432613,1.0448741634290806,1.0212701950157945,1.0241573031755813
2022-10-27,1.058080257037221,1.0352979306832002,1.0185831743250255,1.0228512400485301
2022-10-28,1.0552584215712548,1.0393940384953668,1.021864440046325,1.0250806004040396
2022-10-31,1.0606055997743444,1.040493258213166,1.021731577417345,1.0257599193238134
2022-11-01,1.0723715596321137,1.0452424563398048,1.0210971946336822,1.0263975748698821
2022-11-02,1.060037491635252,1.0361682455414856,1.0161763911681843,1.02029387540598
2022-11-04,1.075881489304767,1.042825913200911,1.0114483109796764,1.016655669238106
2022-11-07,1.0681104873887608,1.0365263650102747,1.008516715837833,1.0133049815293573
2022-11-08,1.0767842102644796,1.0375635625665383,1.0097756296052598,1.0160339412717068
2022-11-09,1.064559034257063,1.02648569445303,1.0052799127181524,1.0114254301058054
2022-11-10,1.0934450278194017,1.0441326637066333,1.009613840811926,1.017921155268337
2022-11-11,1.0851149730968876,1.0230700167333793,0.996011621990935,1.0046249570212924
2022-11-14,1.0645532035395755,1.0127429530442011,0.9935181385518076,1.0008115021462745
2022-11-15,1.072195520794157,1.0185373686217065,0.9941479972410132,1.000780337674201
2022-11-16,1.064687948954432,1.0136878921698222,0.9947325082437777,1.0011540018368807
2022-11-17,1.062139123806833,1.0127323253671245,0.994379130723859,1.0000676222585985
2022-11-18,1.066471588173723,1.0177398627608363,0.9969744759210434,1.0026069507583333
2022-11-21,1.064542472112863,1.015033320003498,0.9971628721535555,1.003169967086712
2022-11-22,1.0794303579018178,1.0265250411232405,1.0019616104688376,1.0084573718768988
2022-11-25,1.0660710821741552,1.0170747143236087,0.9972579982281072,1.003040649673392
2022-11-28,1.0617497180956248,1.0160665161907485,0.9981021088846813,1.0034660015572237
2022-11-29,1.0606099142558052,1.0149779187868957,0.9952413934539648,0.9995228768750852
2022-11-30,1.0713641221105523,1.0255133550921596,0.9999018808008999,1.0039692147983363
2022-12-01,1.0697752214487262,1.0226563653888219,0.9992824671872489,1.003563209750646
2022-12-02,1.0594919185278808,1.0122160900002504,0.9947641333376717,0.9987061866978264
2022-12-05,1.0476989206041623,1.0016965859214124,0.9898388517184573,0.9934937900882997
2022-12-06,1.0563409012383558,1.011690341641168,0.9953927650544281,0.9986389205081275
2022-12-07,1.0573000520645648,1.0182702159580186,1.000982564644187,1.0036741710745873
2022-12-08,1.0562898976479422,1.015335325408092,0.9984375988695494,1.0010832247881076
2022-12-09,1.0557164874029685,1.0153644145088898,0.9975742178976388,1.0002083055326647
2022-12-12,1.056866920495578,1.0172575352247974,0.999312140256616,1.001984460297101
2022-12-13,1.0726497461660196,1.024551515462559,1.0020885636781371,1.0068560084425755
2022-12-14,1.0638878759393127,1.0135282749126906,0.9951154488127492,0.9998898236956056
2022-12-15,1.0535408332528122,1.0106129062432676,0.9970703794454806,1.0010793497172792
2022-12-16,1.054836678905385,1.0258709708950633,1.0068826979618215,1.0084074645028416
2022-12-19,1.0427033459038315,1.017425133393467,1.0007624119267118,1.001347158654945
2022-12-20,1.0386814711935186,1.0221862188319033,1.0024767971173187,1.0025964579652353
2022-12-21,1.0177129225446298,0.9967680840362828,0.9870143574117826,0.9866156482221502
2022-12-22,1.012895607260135,0.9987203467098384,0.9894646332599185,0.9884236593191493
2022-12-23,1.0143267314652398,0.9982486886899989,0.9879147022653718,0.9870897065260946
2022-12-28,1.013935403396945,0.9980312047533243,0.9886477341735391,0.9881406437096787
2022-12-29,1.02448237723554,1.0040612812768543,0.9906393067405739,0.9912417849797971
2022-12-30,1.0164638226457254,0.9986348137997948,0.9895604163600431,0.9902535499457813
2023-01-04,1.0222723994131206,1.0032228792694629,0.9865162058992134,0.9872063186843809
2023-01-05,1.0275834246036322,1.0091418220110764,0.9871733496881925,0.988166304161661
2023-01-06,1.0427100644716165,1.0217496230433911,0.9931966312791913,0.9939783903858959
2023-01-10,1.044473095994244,1.0238184935089545,0.994691906629876,0.9954129867012759
2023-01-11,1.0591860386931338,1.0307761721543602,0.9945323096531443,0.9971097195093991
2023-01-12,1.0643486140301868,1.0365583441327584,0.9983681891431787,1.0015845562707242
2023-01-13,1.0487114796677985,1.022684490826481,0.9962830301359703,0.9986202917368805
2023-01-17,1.0447723697825995,1.022181749080875,0.998898705381665,1.0006967985420443
2023-01-18,1.0448389145095849,1.0221902755249788,0.9998678456202819,1.001366964469384
2023-01-19,1.045685388339742,1.0285425305206308,1.0058335534111564,1.0061977644430673
2023-01-20,1.0491392420592343,1.0279097629180405,1.0038825740230437,1.0047274084406839
2023-01-23,1.0599819043427716,1.033588464538501,1.0021247413287924,1.004372056590094
2023-01-24,1.0710226219160377,1.0405117640278316,1.002002305732562,1.0048061788083218
2023-01-25,1.0676745108743342,1.0392323823540783,1.004685633148723,1.006841404566861
2023-01-26,1.0634072419286145,1.0340947192644612,1.0009564020223614,1.002940694391972
2023-01-27,1.0658298517947582,1.0351065433879676,0.9994529421614874,1.001923768738525
2023-01-30,1.0588819397598037,1.0316653013464818,1.0010778035321466,1.0029906818118797
2023-01-31,1.0662609198382678,1.0424594764879238,1.009189576995033,1.0105756713684604
2023-02-01,1.0666269036660432,1.0418850397424353,1.0083363705733315,1.0095136267897629
2023-02-02,1.0652459214924537,1.0345471386006726,0.9965732174272338,1.0003474742087073
2023-02-03,1.0515769126526386,1.0227656458953498,0.9931239276780303,0.9959925768773528
2023-02-06,1.0640506687741085,1.0372769156049102,1.0030902661934464,1.0056237759438909
2023-02-07,1.0699419469423443,1.0426728252524253,1.0076320169272075,1.0100439189125605
2023-02-08,1.0589544162493818,1.0309331689451295,1.0027487385953802,1.0054092642873298
2023-02-09,1.0586136663396228,1.0335482285507545,1.0038922029314161,1.0063065742471344
2023-02-10,1.0577571613246883,1.0331522162965006,1.0058403570443322,1.008102883071138
2023-02-13,1.0593885682065567,1.0330936129627535,1.0052975353000086,1.0074767099592468
2023-02-14,1.0669997173473806,1.0389298424365836,1.0069215728460985,1.0097723540819223
2023-02-15,1.068928393559769,1.0431280036968908,1.008651419548671,1.0113619877498048
2023-02-16,1.0697618178377453,1.0441752551454444,1.0102811755978802,1.012523640874649
2023-02-17,1.0674703041327853,1.0453639023644048,1.0137011566531517,1.015599728162864
2023-02-21,1.059421425161509,1.0408789268230938,1.014814744325731,1.0156131813621077
2023-02-22,1.0614650834374282,1.0454662191068187,1.0149171356867037,1.0153831789047276
2023-02-24,1.0512602355259182,1.0362319663353388,1.0136611890932723,1.0137237296110002
2023-02-27,1.0643961950794711,1.0474339071497702,1.0177190435090795,1.0185223872665983
2023-02-28,1.06607580281289,1.0493496087324352,1.0189072397511334,1.0199601613492713
2023-03-01,1.0660560339137026,1.0506623514205091,1.0214329719708062,1.0210759059424965
2023-03-02,1.0650398498214335,1.049139029736551,1.0200822816359978,1.0200018841497491
2023-03-03,1.0755489188980638,1.0561585924371988,1.0243441053305045,1.0250135716716013
2023-03-06,1.0738811503056027,1.0519436802870012,1.0209344855827747,1.022677187475827
2023-03-07,1.063384579656432,1.0482988110468239,1.0205617539984642,1.0213353668307572
2023-03-08,1.0687326542363977,1.0537008032583668,1.0249197568902868,1.024900688622787
2023-03-09,1.0614762751966875,1.0540608716179931,1.0326779899955725,1.0309949931114188
2023-03-10,1.056611541201056,1.0535215727842233,1.034879621412123,1.0321461676962487
2023-03-13,1.0541769045949534,1.0514219378654777,1.03265225464,1.02890162732747
2023-03-14,1.042286659386904,1.0361666721936258,1.021701500418126,1.0182051132597372
2023-03-15,1.0437766246880331,1.0457942733682548,1.0267748872259637,1.0216436901597377
2023-03-16,1.0322085526213551,1.0353171117236772,1.0254619748460323,1.0191753917255892
2023-03-17,1.033909459623369,1.0433870931713303,1.0328495789473409,1.0251832795108204
2023-03-20,1.0319995025672575,1.0411218511007694,1.0322147267793174,1.0245737691415289
2023-03-22,1.0355294175051297,1.04860325725633,1.0408725845838793,1.0320701095925355
2023-03-23,1.0317295984653132,1.046612975431382,1.0402395571708682,1.0307310379609844
2023-03-24,1.028506816418782,1.0436577150591877,1.0395933789249214,1.0290178492818096
2023-03-27,1.0274331118659301,1.0409574262960002,1.0413771747141107,1.031434895200823
2023-03-28,1.0316742656933138,1.0442226099609984,1.0422937836638286,1.0316320571708866
2023-03-29,1.037608371512189,1.0452794485392227,1.0411329359855486,1.031506395786912
2023-03-30,1.0543547850296129,1.057873564164312,1.0446024065448865,1.036809829011574
2023-03-31,1.0652848358686615,1.067773346901262,1.0485550903259002,1.041296848588318
2023-04-03,1.0712257855148175,1.0654704599140645,1.0395057298083854,1.0330348904381021
2023-04-04,1.066951000902565,1.0623509802268876,1.0369238552666191,1.0296485130599147
2023-04-05,1.058913173200381,1.0582882470041568,1.0366323169043274,1.028893003336613
2023-04-06,1.0573526370825221,1.0521133444290327,1.028415002832204,1.0217761527227933
2023-04-11,1.0705559836642977,1.0628509731394158,1.0337467085717167,1.0263289428980615
2023-04-12,1.0750447867319077,1.0656240708433864,1.0346444826972405,1.0271890546197364
2023-04-13,1.0767724476750782,1.0681324277145483,1.039770314992589,1.0321463860836446
2023-04-14,1.0721724812308728,1.0602017655514482,1.0304682729745303,1.0237973560877431
2023-04-17,1.0774742504251924,1.0661901605877815,1.0331741744153846,1.0268979523136605
2023-04-18,1.0813887843948808,1.069817848188326,1.0365256470376727,1.0300830384222956
2023-04-19,1.0753728949377066,1.0660529721616292,1.0365823287151292,1.0303697901746023
2023-04-20,1.0777123328378486,1.0722140372229525,1.043128981560088,1.0359581390695223
2023-04-21,1.073035674264077,1.065596356366199,1.037220008599592,1.0312198965633799
2023-04-24,1.0743577465436127,1.066732605403586,1.0370025149558824,1.0311671056456075
2023-04-25,1.0718070607108412,1.068537859638856,1.0389086924489817,1.0316424639035449
2023-04-26,1.0630656523341875,1.0593766043996815,1.0316554980350274,1.0251403767243266
2023-04-27,1.0669005911781355,1.0610291285005953,1.0353689610913244,1.0295537485352086
2023-04-28,1.077726534375174,1.0671778816924706,1.038083673326713,1.0316527017963402
2023-05-02,1.0850994880410993,1.08300848244749,1.0551001873146946,1.045049305269288
2023-05-09,1.0831443424181222,1.0855853739264296,1.063012963983614,1.0515724052872473
2023-05-10,1.086683884996039,1.0881624420101728,1.062448260600983,1.0509737476809349
2023-05-11,1.0757336486790037,1.0778191217138051,1.0550451309569968,1.0442308966996843
2023-05-12,1.0714261533379297,1.0753400257925132,1.0562667741921057,1.0461997416136983
2023-05-15,1.0825302027896424,1.083180304302726,1.058551828743962,1.0482530103770435
2023-05-16,1.0794404756110685,1.0827940486661736,1.0595974678684121,1.048869374786517
2023-05-17,1.0853036863444836,1.0863611962198685,1.0631455331703887,1.0530867888981597
2023-05-18,1.0887807427443117,1.0946420176239815,1.0722101142130502,1.0622664857975055
2023-05-19,1.0955893147454634,1.100821462873744,1.0763630802577666,1.0660027743860687
2023-05-22,1.0913594286825121,1.0945858009600136,1.071214974745906,1.0611098818396658
2023-05-23,1.0937232118640883,1.0971746340418942,1.0661694146964507,1.0557586351745532
2023-05-24,1.085697423322019,1.0922939078054854,1.0625142565174688,1.0518649463324061
2023-05-25,1.0849419907584659,1.0956130771368777,1.0681806920489694,1.0579058762769102
2023-05-26,1.0941528020990758,1.1031089014768976,1.073447010588237,1.063294311090457
2023-05-30,1.096949859134866,1.1080281417117255,1.079849349217851,1.0684183671563572
2023-05-31,1.0909971323542027,1.104118476218177,1.0786493203039471,1.0666811254091253
2023-06-01,1.0936373346783708,1.1051754785599253,1.0823537617287868,1.0701739468105662
2023-06-02,1.1018611482307976,1.1051950634529912,1.0792227762524134,1.0680862276054446
2023-06-05,1.109725153971826,1.1132613755664924,1.0824290570596466,1.0711821161421098
2023-06-06,1.106851915284683,1.1092091800658792,1.0809218025746445,1.0699045352376324
2023-06-07,1.1052613126216102,1.1054934636745481,1.0755778687445365,1.0650098632136984
2023-06-08,1.1096213139134599,1.1137358344684047,1.0844165705001994,1.0731520750320025
2023-06-09,1.1064789246922433,1.1088741432742197,1.0826942850021706,1.0710366767874298
2023-06-12,1.108521648908161,1.115366311984339,1.0916765006349642,1.0798753582388616
2023-06-13,1.1098692276527784,1.1153763254147862,1.0937840590859464,1.0827621993476109
2023-06-14,1.1198398258633355,1.1264852210532115,1.104597979751982,1.092388600628036
2023-06-15,1.1244097466769594,1.1323012336280145,1.111817671942027,1.099616793431317
2023-06-16,1.1293957404786101,1.1383742802131231,1.1186901633850042,1.1050719232600166
2023-06-20,1.1330728375980594,1.1424418578775615,1.120814231104193,1.107556347160888
2023-06-21,1.1279000018956458,1.134869761030303,1.1137015279321194,1.1011186071385421
2023-06-22,1.1244227506331699,1.1373486203107215,1.1208831583762942,1.1085549150350924
2023-06-23,1.1272119119053907,1.1457484701300527,1.1257972182787719,1.1121611231328845
2023-06-26,1.1326021908305226,1.1491047345190761,1.1269328733674469,1.112781075894988
2023-06-27,1.1327045991030786,1.1482344492287875,1.1267177705058566,1.1135037937948344
2023-06-28,1.140741043810035,1.1541131640410376,1.1281070066661623,1.1147771547033292
2023-06-29,1.1389344294027366,1.15205153286077,1.1270457326892551,1.114766705832923
2023-06-30,1.147112035777306,1.1578003035423732,1.129931245098467,1.1181090063940093
2023-07-03,1.1494282291198379,1.1578950547691962,1.1293578221002099,1.1174960861403906
2023-07-05,1.1474171838010139,1.1550237746757164,1.1259823601441379,1.1136404779990652
2023-07-06,1.1364440664336046,1.1480486798363476,1.1226653899830648,1.1089772039010002
2023-07-07,1.1346703705980983,1.1444503995722841,1.1160078896328223,1.1029406402787014
2023-07-10,1.12809872285454,1.1379532124030147,1.1125085268920425,1.0988941737888651
2023-07-11,1.1287466880692434,1.1346620538342778,1.1069507878633338,1.0938665316715948
2023-07-12,1.1344992410787047,1.1348851167282574,1.1043797744320785,1.0925306262988128
2023-07-13,1.1323564800544847,1.1299355786037306,1.1012412211141873,1.0895506185175792
2023-07-14,1.1294010190286095,1.1302926492539385,1.1021825931858764,1.090019876860721
2023-07-18,1.133909447679443,1.133018795153588,1.1042080728440922,1.0922750800008294
2023-07-19,1.1408406010565952,1.1363001902651448,1.1025025776541355,1.0912649825633631
2023-07-20,1.1388210051865997,1.1341129542028314,1.1005865337741179,1.0890281229694632
2023-07-21,1.140300348812463,1.13446429974586,1.1012382680324961,1.0898923057469263
2023-07-24,1.15707293994865,1.149135680358741,1.1155011371918035,1.1047088217677412
2023-07-25,1.155529277163478,1.145762778689766,1.1133313983800908,1.1027002463667788
2023-07-26,1.1544845892610416,1.1442541871133762,1.1100434805224413,1.0995400767288845
2023-07-27,1.1460652684972028,1.137013827250835,1.1040694391838755,1.0925057186062623
2023-07-28,1.1383697434731117,1.1245980588582631,1.0934508735852682,1.0823951602711444
2023-07-31,1.1556733638008276,1.1414770699988894,1.1091795202092438,1.0988485818327307
2023-08-01,1.1587006371769943,1.148635175127753,1.1174902018370432,1.1068455782950521
2023-08-02,1.1524694943605964,1.1470813538539923,1.1149398117725235,1.1034341646148285
2023-08-03,1.1515727406733918,1.1435524599844389,1.1104677890860617,1.0991360659220817
2023-08-04,1.1492063162881307,1.140623814196974,1.1055267456544366,1.094180965072022
2023-08-07,1.1462355551930898,1.1371110034711978,1.1040349705507149,1.0924882798682887
2023-08-08,1.1499119584016502,1.1434122427459585,1.109980935877945,1.0981218307769325
2023-08-09,1.1553727649087417,1.1474861026346,1.1133962158544937,1.1019513352114423
2023-08-10,1.1588463783036578,1.149078127916846,1.1114056015558018,1.1002080842487587
2023-08-14,1.1560324139495162,1.147395505382413,1.108613933874714,1.0975920190479813
2023-08-15,1.1522547571472064,1.1478608852164376,1.1106255597783286,1.0988949049236023
2023-08-16,1.1474198948877925,1.1454373252553256,1.1060718547827526,1.0940178764231352
2023-08-17,1.1492855491519232,1.148064354520918,1.1088296855988222,1.0966218330136728
2023-08-18,1.1464839211115976,1.1457967221688852,1.1092479929112404,1.0965937366432146
2023-08-21,1.141570209965844,1.141738519239165,1.1089325123401044,1.0960514221792361
2023-08-22,1.151049406114407,1.1501513414069922,1.1139426948191,1.101265835129081
2023-08-23,1.1569366699790746,1.1525651235622811,1.113973835089068,1.1023364190805525
2023-08-24,1.1469751897014273,1.1429103835007572,1.105161408397958,1.0925606104434198
2023-08-25,1.1542697762018037,1.1484351088603886,1.108724636813645,1.0970621219151067
2023-08-29,1.165759546221273,1.155069601230409,1.1115189019609173,1.1008140470140912
2023-08-30,1.1637494299379478,1.1527030217438752,1.1092585780029254,1.0983824714220929
2023-08-31,1.1678323784590119,1.156071343407137,1.1087607666614072,1.097774628009221
2023-09-01,1.164366696716182,1.1496063245394188,1.1058596115429307,1.0944662417917972
2023-09-05,1.167118961569939,1.1521705502812585,1.1066566734761776,1.095035933371967
2023-09-06,1.171083058466879,1.1546182041886774,1.1078323695696666,1.096257075038046
2023-09-07,1.170026509606256,1.1553864232496744,1.1090589756634355,1.0972471185884753
2023-09-08,1.1663204842189592,1.1520179606784153,1.1057752951650492,1.0941272850895942
2023-09-11,1.168111131182654,1.1516837828514548,1.1045432812663796,1.0935781461924055
2023-09-12,1.165550942127532,1.1495473703776435,1.1051963244992393,1.0936272128943967
2023-09-13,1.1674514818308854,1.152752524781446,1.107236840820247,1.0960224671674348
2023-09-14,1.1769245033083735,1.1570857623736386,1.1109129379155374,1.1003912198174621
2023-09-15,1.173010335611268,1.1532075886736441,1.1105004556665579,1.0991143037038251
2023-09-19,1.169653404465968,1.1496433632622214,1.1062925493258506,1.0948541521722568
2023-09-20,1.16999021474393,1.1502002782296772,1.1033995376553394,1.092262883830921
2023-09-21,1.162402396029943,1.1455021343003629,1.0983323858107235,1.086269276041896
2023-09-22,1.1580507965691456,1.141115870217017,1.0946814807027223,1.0826164639248876
2023-09-25,1.1579482025745296,1.1425458865255578,1.0969385980323307,1.0847297632633996
2023-09-26,1.1528713624499383,1.1402161102844066,1.0960465663114034,1.0829383469294533
2023-09-27,1.150827068600553,1.1374619528637553,1.0956368679559803,1.08226230159426
2023-09-28,1.1523003615297003,1.1393534264298262,1.0977042906184045,1.0850399800659472
2023-09-29,1.155575594836192,1.1410092142673278,1.0930918078347927,1.0808631095552985
2023-10-02,1.146724223420085,1.1357691983602602,1.0908119093694129,1.0776885114860004
2023-10-03,1.136367006978483,1.1278781462803205,1.0863353513632212,1.0727729531784007
2023-10-04,1.1274033215602277,1.1194109883244865,1.0790108302392156,1.0646664367930203
2023-10-05,1.1296509047936918,1.1215376489302842,1.0805498117009036,1.0664425306314933
2023-10-06,1.1318622881595737,1.1226802185660743,1.0822145551007325,1.0683544815559674
2023-10-10,1.1326333530559405,1.120686078297821,1.0811699674092028,1.0668527647117154
2023-10-11,1.1389028458237298,1.1252951848380184,1.0820809757379366,1.0682734970663037
2023-10-12,1.1371652694510086,1.1258619267180046,1.084308427354561,1.070631640557816
2023-10-13,1.1408558021207147,1.1277828988892553,1.0842462541665423,1.0712769336694223
2023-10-16,1.1370498945922896,1.1230060841270404,1.0794956781241207,1.0659031588255528
2023-10-17,1.1375059586764715,1.1252568886360805,1.0821100232743401,1.0687394592859212
2023-10-18,1.1319837598660956,1.1227222080697232,1.081098337797577,1.0679616605257438
2023-10-19,1.1274713508951464,1.1203362010064775,1.0820027810894455,1.068989284973089
2023-10-20,1.123634336088557,1.1183147348572364,1.0796826604063283,1.0668929135499925
2023-10-23,1.123121345960602,1.1206386332202163,1.0827770788625948,1.0701689605049756
2023-10-24,1.128539701834837,1.125458541750096,1.085679100193786,1.0735734038142513
2023-10-25,1.1220807581797019,1.1206020503000336,1.0836488093714314,1.0711842699669942
2023-10-26,1.1210090430890944,1.1175081554852226,1.0772432283787208,1.0646869218974158
2023-10-27,1.1274812684129623,1.1252577298283355,1.0856091357008728,1.07405766788784
2023-10-30,1.122254362769518,1.119380921318551,1.0813414381933668,1.0692753022215404
2023-10-31,1.1221767126822482,1.1190983795294513,1.0810877350906196,1.06861239999949
2023-11-01,1.1421117627853876,1.1408933959421326,1.0964096872218472,1.0852565969245551
2023-11-02,1.1535271914175538,1.1450381102002167,1.0973630599816042,1.0862709458112492
2023-11-06,1.1491429316808277,1.142638918852032,1.0981429599239003,1.0871043546714687
2023-11-07,1.1493054404493346,1.1440914925383971,1.100503311196134,1.089615566615503
2023-11-08,1.1482791333474536,1.141733232301819,1.0978877523733697,1.0867875844667725
2023-11-09,1.1481603106325924,1.1435968657632822,1.1007780112107486,1.089887406998523
2023-11-10,1.1520077875523511,1.1467229634459353,1.1031249916875119,1.0918691562988172
2023-11-13,1.1540536647775836,1.1507767333239622,1.107284086831272,1.0964612406946503
2023-11-14,1.175459446412361,1.1624452629347035,1.1099971452089463,1.099798607029672
2023-11-15,1.1736271002686993,1.1598932966602538,1.1080874144912831,1.09831007988148
2023-11-16,1.1745990337580927,1.1614027295873577,1.1082594985784593,1.0990307046948151
2023-11-17,1.177701559795303,1.162669103378433,1.1107044415427607,1.1015229065802838
2023-11-20,1.1782373990315955,1.1613505295386035,1.1093659306490566,1.1000085904310655
2023-11-21,1.1678238788838735,1.1507973339256306,1.1027723972288714,1.0931292604870915
2023-11-22,1.1675143917854722,1.1512444009564156,1.1033786457707488,1.0933901923612084
2023-11-24,1.175234240594451,1.1595515459340882,1.1082731562357881,1.0989528213287416
2023-11-27,1.1779659151870772,1.161085424579481,1.1083380712726705,1.099399012203191
2023-11-28,1.1761671693822557,1.1577706548041387,1.1055243714172,1.0967590009491273
2023-11-29,1.1732613653742343,1.1523184498385084,1.101443515666508,1.0922314051619095
2023-11-30,1.170369060246415,1.1501950259947802,1.0998077987619705,1.090329119791696
2023-12-01,1.1830686080853765,1.1596268012169961,1.1024253953257643,1.0939900363851012
2023-12-04,1.1688506684889814,1.1441056246626033,1.0906006649751325,1.0805767104671176
2023-12-05,1.1739192919607933,1.1487702340978072,1.095033051510026,1.0852022773315058
2023-12-06,1.1721502640894848,1.1469316930911189,1.0948313593848136,1.0848367216199166
2023-12-07,1.171941378446139,1.1480813130388965,1.0961383679617296,1.086343772317374
2023-12-08,1.150936237700988,1.1274879619532807,1.0840045164637597,1.0722780259992213
2023-12-11,1.1551122640609572,1.1330170215380093,1.0877784143446365,1.0758564398650157
2023-12-12,1.1621922327858738,1.1401532959435126,1.0929037673981237,1.081881901718935
2023-12-13,1.1709352066248095,1.1418336564280873,1.089946145597431,1.079569434121975
2023-12-14,1.1674805025690667,1.1311354279669394,1.0791295686863938,1.0676814826800398
2023-12-15,1.1656488243936363,1.133612042305652,1.084804237795464,1.0737444463529422
2023-12-18,1.1630912458462384,1.1292283961659306,1.0819528380769037,1.0705127079458094
2023-12-19,1.171842576434082,1.1357401977090378,1.0856339779625066,1.0748797080285963
2023-12-20,1.1810845094009996,1.1444499836915274,1.092129063571684,1.0824644124580438
2023-12-21,1.1801885172283948,1.1409582539561036,1.0886845010661261,1.0790253946393147
2023-12-22,1.1709804755952733,1.1334515860538936,1.0840130383195206,1.0735547923749669
2023-12-27,1.1802462088825665,1.1417697787632513,1.0901758361302485,1.0807376656674155
2023-12-28,1.172871729428762,1.1337197541921427,1.0838580847687262,1.0736011878053
2023-12-29,1.1683860698734825,1.1306525385615909,1.083062100654319,1.0722743558912826
2024-01-04,1.1728134788931313,1.1370372285603298,1.0878965001345873,1.0771631984746513
2024-01-05,1.1855934266386319,1.140764561209335,1.0878832323967986,1.0779651349166999
2024-01-09,1.1809623722920954,1.1337284058618144,1.0819330019280289,1.0721026306481487
2024-01-10,1.1824664479016214,1.1392406806680366,1.0877456862827704,1.0778802748299936
2024-01-11,1.1940019628349576,1.145611681978917,1.0918261334877302,1.0823054489528556
2024-01-12,1.1941461507231497,1.1469262547939854,1.091992152710154,1.0822946822850754
2024-01-16,1.1910892139932485,1.145604815460186,1.0929702888271238,1.0830980484871013
2024-01-17,1.1902235177738574,1.1428220081024503,1.0912579008405776,1.0815963122252668
2024-01-18,1.1999417964394463,1.1513070601355064,1.0967705492518538,1.0877124698465872
2024-01-19,1.205163639129452,1.1568461382192836,1.1014952220452994,1.0927084328973873
2024-01-22,1.207872067540886,1.1567845222741264,1.1000648819202625,1.0915946258362175
2024-01-23,1.206969910175836,1.15563047073537,1.1009189186398882,1.092370936325654
2024-01-24,1.20924304883286,1.1581114172185023,1.102490800683542,1.0940615809260583
2024-01-25,1.210331461797676,1.1602753350653803,1.1034642179658907,1.0951981683154532
2024-01-26,1.2112657925120456,1.1585397162046378,1.1004530724126915,1.0924765749013783
2024-01-29,1.2171646236338738,1.1661192832698597,1.1067709381200765,1.0989466107985075
2024-01-30,1.213549122629409,1.1621937134211922,1.1046996939003149,1.0966660796916836
2024-01-31,1.20995460166075,1.1623183612189105,1.1056504251420718,1.0967175693013433
2024-02-01,1.2074633408564137,1.1654112866606874,1.108832249209131,1.1001863393518712
2024-02-02,1.1992206455563756,1.1593183667374682,1.105515652299781,1.0970384608648474
2024-02-05,1.2044953142886585,1.1606111025118115,1.1060519651949576,1.0980033694421356
2024-02-06,1.207746112114045,1.1615201524139707,1.1056942050469618,1.0979156010353337
2024-02-07,1.2033787460607888,1.1581843740109603,1.1030545812803199,1.0955072428389117
2024-02-08,1.2066412251245393,1.1581847799737794,1.1015543746538405,1.0944138755868509
2024-02-09,1.2135828991662094,1.1630941504243069,1.1039000082038097,1.0974600407680564
2024-02-13,1.2053843751014248,1.1562433370110257,1.1023092174720972,1.0952724843394888
2024-02-14,1.2159378820692048,1.1688625482934412,1.1102539522718144,1.103955378297114
2024-02-15,1.2214520303048535,1.173115761528184,1.113028575396014,1.1070534847862261
2024-02-16,1.21903868160032,1.1712972683564322,1.1142752319245266,1.107778833016642
2024-02-20,1.220891155866135,1.1738596943461421,1.1172752872962517,1.1104829617352239
2024-02-21,1.219901690160636,1.171458101007582,1.115376457173445,1.1086169694504422
2024-02-22,1.2290267824115486,1.1800482123027254,1.1214666116904473,1.1157444261718272
2024-02-26,1.2272609612005463,1.1741023697536237,1.1158816290687426,1.1102779103817084
2024-02-27,1.2297519257896752,1.1748979806415094,1.1159664422624378,1.1105381776849395
2024-02-28,1.2270374984565053,1.1725025077179376,1.1149094443123089,1.10937747124535
2024-02-29,1.2288721148196076,1.1772937718573013,1.1190061441401953,1.1134799774117181
2024-03-01,1.2333627313696047,1.1800764373961088,1.1211273904420989,1.1157686027951141
2024-03-04,1.2344682543768928,1.1807645610828807,1.1228823842341797,1.1172055194027823
2024-03-05,1.2365037927401752,1.1848177744530632,1.126524168178957,1.1203257498064274
2024-03-06,1.2397084025638845,1.1863733381864083,1.1273084189695017,1.1212845171667234
2024-03-07,1.2392492505040835,1.1894076032627308,1.13014445119961,1.1242540051667733
2024-03-08,1.232113341808922,1.1865636041501753,1.128707663478281,1.121940036657211
2024-03-11,1.2254295352370943,1.1815635116908032,1.1247141010091113,1.1175334754538135
2024-03-12,1.223913989593046,1.1813491287707278,1.1244060672729417,1.1178980244362067
2024-03-13,1.2322270376264572,1.1851700578051771,1.1281615094852293,1.121748262431601
2024-03-14,1.22947022550061,1.1785470397788704,1.1231564034145671,1.1167132967795177
2024-03-15,1.2320778854116958,1.1780566507800851,1.1250184333739395,1.1183809249954861
2024-03-18,1.2405511311143886,1.181865487992687,1.1272684081939335,1.1211463282592173
2024-03-19,1.2454341730517253,1.1797511592049705,1.1226089789181404,1.1171137610414648
2024-03-21,1.2496632849498104,1.1840949649083337,1.1253186118493022,1.119785214562749
2024-03-22,1.2514635322734016,1.1822421552800984,1.1220900272830605,1.1169416932099812
2024-03-25,1.247080745767594,1.1762836147487299,1.1173595579531852,1.1120621423225963
2024-03-26,1.2481963937680696,1.1782925614840332,1.1186251273604444,1.1132486305229656
2024-03-27,1.2550535427806004,1.184577229633748,1.122992162780126,1.1180122529236851
2024-03-28,1.25542417884407,1.1828286519262359,1.1213331811629847,1.1162766859496416
2024-04-02,1.2519391410826428,1.1775268781234998,1.1177246245445922,1.1120578217921229
2024-04-03,1.2571064677470702,1.1815782754349649,1.1208493207727601,1.1161815357095408
2024-04-04,1.2583454779103271,1.1851987421039842,1.1239306536314848,1.119383970692382
2024-04-05,1.2566943796344296,1.182539788138635,1.1212780578536712,1.1167949399249333
2024-04-08,1.2635569309021042,1.1891587161221193,1.1282486508313707,1.125040693807264
2024-04-09,1.2687153722325042,1.1956449073533866,1.1349631803779745,1.132633765970018
2024-04-10,1.2572705314256685,1.1871564327902624,1.1271955379759375,1.1233443388412936
2024-04-11,1.2618965302709328,1.1910345665247528,1.1317893470417335,1.1288915207131844
2024-04-12,1.259818039539037,1.190591448185153,1.1317745775341816,1.1286693870644253
2024-04-15,1.2552276854582518,1.182827119477181,1.126980934659665,1.1237878151442857
2024-04-16,1.2533832103684655,1.1840842236310194,1.1291846423729544,1.1260160028945214
2024-04-17,1.2543912809262896,1.1872543786997785,1.1327614768294962,1.1299287531060267
2024-04-18,1.2556866308847843,1.1870943035654842,1.132392482856839,1.1299667667561977
2024-04-19,1.2583811133962954,1.1883175018970846,1.134209750369629,1.132440973993595
2024-04-22,1.261200348426846,1.1913501686259416,1.1352460373293238,1.1332832323704973
2024-04-23,1.265170321579633,1.194213670845441,1.1355993875179144,1.1336851529293772
2024-04-24,1.2654516232735695,1.1961458623373058,1.136282296995611,1.1343209123934255
2024-04-25,1.2674836209085922,1.1982348643717378,1.1380224801705803,1.1364814161061667
2024-04-26,1.277522357888076,1.208128175812628,1.1452029919884321,1.1452334966082574
2024-04-30,1.2572392880393564,1.189319978735537,1.131044856785869,1.1279352312542523
2024-05-01,1.2633248957514522,1.1976725130983084,1.1393665780304014,1.1375445716992347
2024-05-02,1.2582466187740813,1.1909473525896046,1.1333235407888962,1.1304223070232993
2024-05-07,1.2681953614583492,1.2009965463901409,1.1409434434232213,1.1396774324685932
2024-05-08,1.267558475838527,1.2005966015969944,1.1394356906849596,1.1378384222071052
2024-05-09,1.2752427808256555,1.2067687204884894,1.1433659490615633,1.1429513144546066
2024-05-10,1.275472314576652,1.2088423593719586,1.1453804928368396,1.145428930176341
2024-05-13,1.2811505368133802,1.2141885372528078,1.149319416786304,1.1499380287552157
2024-05-14,1.2877693083679176,1.221841037937536,1.1555171991151905,1.1573367815810016
2024-05-15,1.301875976044698,1.2333457585549708,1.163660360394597,1.1677154278595356
2024-05-16,1.288109804617612,1.220028514706075,1.1530419863397592,1.1550074281881118
2024-05-17,1.2989356903443674,1.2290600716852063,1.1606937411253364,1.1645886948033437
2024-05-20,1.3014054420385444,1.2340475040986234,1.1643614643028957,1.1688140703479546
2024-05-21,1.3042645181416817,1.2377820469340415,1.1670563830456018,1.1719572830000196
2024-05-22,1.2929744405673447,1.2296546181293337,1.1582150189415439,1.1607756982237154
2024-05-23,1.2877579140596205,1.226991333036371,1.155242305395723,1.156723226169429
2024-05-24,1.2903569886586883,1.2292281325212346,1.1564361525089568,1.1581281731874926
2024-05-28,1.295982605545102,1.2327964643290683,1.1591457220291135,1.1620191941884683
2024-05-29,1.286108843922011,1.2270399675221386,1.1537560093846775,1.1549922715449439
2024-05-30,1.2871058433256661,1.2273914726332584,1.153713880301868,1.154949361322115
2024-05-31,1.2875015583800982,1.2282740383666064,1.1549340277848434,1.156282141226128
2024-06-03,1.2928404959681188,1.2348128719134643,1.160949216733925,1.1635870166426225
2024-06-04,1.284551284386236,1.2281933057310357,1.1555392164489902,1.1568197105834792
2024-06-05,1.2829291222808068,1.222471267640201,1.1511204724648474,1.1522176027619795
2024-06-06,1.2922591113535602,1.2299791315656223,1.1569785626513203,1.1593979250685351
2024-06-07,1.2758065517414654,1.216998689189428,1.1433460303928513,1.1423098962301792
2024-06-10,1.2852232880657002,1.2236770425308758,1.1488786006404672,1.1489963936370995
2024-06-11,1.2842734380261591,1.22401188971834,1.1499120171955535,1.1498473641652018
2024-06-12,1.2936562931940052,1.2309270173106364,1.1541603771787592,1.1555120358003088
2024-06-13,1.2879453857677317,1.227845265425865,1.1519059891268353,1.1519722239118737
2024-06-14,1.2909523569513364,1.2285652623614165,1.1553700786752241,1.1562881867595574
2024-06-17,1.2902939053042084,1.2260809613800954,1.1511294147663453,1.1514532450501387
2024-06-18,1.2979852630760484,1.2339724160002754,1.1573022670100086,1.1587427261486007
2024-06-20,1.303020479870974,1.237031302829935,1.1600898138322961,1.162688525902602
2024-06-21,1.3029879965959863,1.239439321208775,1.1613921069375757,1.1635750602131354
2024-06-24,1.3123477121194769,1.247384015096217,1.167461389964173,1.1708155127056
2024-06-25,1.3105783006737233,1.2486862967357237,1.1692596602836767,1.1724978760365075
2024-06-26,1.3069281255677354,1.2459297243758283,1.1665296863388233,1.1691274610937448
2024-06-27,1.3135345212851341,1.2523560267336584,1.1710944439346544,1.1745640785969205
2024-06-28,1.3151844826401475,1.2536750672391408,1.171642160562365,1.1754278525352178
2024-07-01,1.317142325355119,1.2561291128955412,1.1752612215076519,1.1793801388745822
2024-07-02,1.3236395786816793,1.2634626080184428,1.1810552544186885,1.1865563129756647
2024-07-03,1.3333652862145107,1.271630524087416,1.1889502713147366,1.196207928126932
2024-07-05,1.3385468974918993,1.2755834908817445,1.1921844880183583,1.2002111980525876
2024-07-08,1.3315849064541312,1.2701492666965404,1.1863555551437903,1.1934228731175367
2024-07-09,1.3307187702869374,1.2698909855009142,1.1845664069431228,1.1918744730767594
2024-07-10,1.3406506990717435,1.2783897694473978,1.195382314014973,1.2040465177958761
2024-07-11,1.351824235321479,1.288063564871387,1.2044120247551606,1.2148753963880503
2024-07-12,1.3325544605724606,1.2626275889954002,1.1826973304716495,1.1876993851224495
2024-07-16,1.335074948608328,1.2644905461624496,1.182870769956957,1.188068124322753
2024-07-17,1.3352211212827951,1.2643582778045555,1.1841736862097179,1.1893081973072979
2024-07-18,1.3098655033834639,1.2386566803272876,1.1632787135208085,1.1629675032466678
2024-07-19,1.3109504519554116,1.2440358167150487,1.1654560263624183,1.1658230386533381
2024-07-22,1.3135391855383214,1.2471520557436415,1.1666541173177876,1.1673901261167228
2024-07-23,1.3066704584875233,1.2407612086640798,1.1604793149722674,1.1595778128959258
2024-07-24,1.2902422420901376,1.225546816812197,1.1498663131253617,1.1449366057347468
2024-07-25,1.2739464592921481,1.207231627284976,1.133792681187094,1.1257699448972018
2024-07-26,1.276294095743425,1.2075370788775837,1.1318050964615243,1.1235373095711034
2024-07-29,1.281233594111888,1.2114330741425599,1.1364419199269689,1.1291253356831283
2024-07-30,1.2799971717853458,1.2093059188128301,1.1347853360206528,1.1264356400806277
2024-07-31,1.2833427221182419,1.2079696755799352,1.1378143092724193,1.1295274135030355
2024-08-01,1.2565627454357025,1.1810172090685576,1.1161181358499166,1.102246393598468
2024-08-02,1.2434388795730844,1.1676595599548942,1.100579864068982,1.0843775135245777
2024-08-05,1.1994024496632958,1.1268767145532383,1.0605793054541948,1.0375756036181578
2024-08-06,1.2064434369304065,1.1320338696403676,1.0694137851264889,1.0464401222063606
2024-08-07,1.200470693087434,1.1224951844916677,1.066752570271289,1.040934810023244
2024-08-08,1.2140097329204889,1.1359610549442152,1.0731539557115355,1.0509111137505749
2024-08-09,1.2330570601298152,1.1550578527002586,1.090900214750084,1.0730480935138724
2024-08-13,1.2394744375711364,1.1595107388782775,1.0942149334388522,1.0773726544346538
2024-08-14,1.2449638480446685,1.1644030716997424,1.0985781929101472,1.0833888667965919
2024-08-15,1.2493812693656814,1.1659117949584274,1.0981768783378607,1.0831077607232078
2024-08-16,1.268903974801021,1.1871030813380654,1.1149623395875297,1.103786141274854
2024-08-19,1.2637977188155143,1.1827480440179488,1.1099019206242369,1.0978520125825812
2024-08-20,1.2565801327429316,1.1757420616960355,1.1060284348375666,1.092427221621314
2024-08-21,1.249302910326383,1.1680501312428577,1.0999656696528062,1.0845286968844543
2024-08-22,1.2454589614561304,1.1648519014281187,1.0986284287945833,1.0823716538346235
2024-08-23,1.264246082744411,1.180697494003852,1.1122665407721533,1.09921628738276
2024-08-27,1.2665765213560818,1.1802734719897767,1.109006155705475,1.0952505759222966
2024-08-28,1.2605223135417039,1.175941400064392,1.106517020011255,1.0917602128267105
2024-08-29,1.2612111212085106,1.1772382882188304,1.1067796642597922,1.0919442820010785
2024-08-30,1.2639395775140847,1.1810074550346197,1.111466301660226,1.0969760163843523
2024-09-03,1.265668697918164,1.186662493978911,1.1144335404185162,1.100593046676505
2024-09-04,1.2529646875332523,1.1725116539472995,1.1001720009702525,1.0834448096359393
2024-09-05,1.2425175151667394,1.1585575480662125,1.091241035667371,1.0715756985835774
2024-09-06,1.2394829814344435,1.1570870742702957,1.0892416788620691,1.0694601532483377
2024-09-09,1.2353439624259661,1.150201612007628,1.0834707787887699,1.0620723557965555
2024-09-10,1.2398288189098203,1.1541884008876717,1.0855965742804012,1.064632055344839
2024-09-11,1.234850498268902,1.1475406649468078,1.0805296640083994,1.0589791831788418
2024-09-12,1.2431640950717566,1.1529421325996565,1.08696910488782,1.0661900205312074
2024-09-13,1.2423040968391152,1.1500113121002777,1.0839273450618563,1.0627897965099178
2024-09-17,1.243073856268507,1.1519535444632825,1.0847713919522688,1.0647832421012335
2024-09-18,1.246251165890692,1.1581603161825553,1.0876605190149495,1.0685405432754878
2024-09-19,1.261245475585072,1.1720812937252698,1.1003392747009457,1.0839608052939445
2024-09-20,1.2634700086546862,1.1770124343291417,1.1046490099103219,1.0894246772543623
2024-09-24,1.2699298949496722,1.179378834034088,1.1080827622413945,1.093897208234193
2024-09-25,1.2618340195314492,1.1737469836263732,1.102060092193928,1.086665877290121
2024-09-26,1.278196371665688,1.1889495463983035,1.1140847535315948,1.1009451429439023
2024-09-27,1.2868966291834611,1.197826832964661,1.123944535881722,1.1132059521890711
2024-09-30,1.260984697676286,1.1746952304833367,1.10480784313674,1.0890022508382746
2024-10-01,1.2736104958334025,1.1741212222022432,1.105312610801788,1.088879365500189
2024-10-02,1.271352035102562,1.1729100595316673,1.1041778184290991,1.0877421210729439
2024-10-03,1.2912611471196707,1.1695211649291053,1.1012845219498923,1.0854436271181795
2024-10-04,1.2893046324189623,1.1689103740806004,1.1010677180990927,1.085036543975842
2024-10-07,1.30367574237421,1.1678552895893375,1.1018683010207295,1.0850942632630762
2024-10-08,1.2892984610995244,1.1707876004078321,1.1030805070564997,1.08699180156151
2024-10-09,1.288308120230478,1.1726141588843793,1.1036190879594252,1.087900591563119
2024-10-10,1.296978370920798,1.1696842199771207,1.1022901938323864,1.0864481263247387
2024-10-11,1.298021305969643,1.1735932949098062,1.105570277551467,1.0894178225845308
2024-10-15,1.296494051043549,1.1801859056250588,1.112668301813367,1.096015993984541
2024-10-16,1.2956282355749054,1.1832705862999042,1.1135539895965896,1.0969957115473508
2024-10-17,1.2940779661160864,1.181232149952662,1.1129183342733988,1.09633180925478
2024-10-18,1.3015198809591593,1.1846153882202282,1.1156519482452625,1.0986704940075538
2024-10-21,1.2924068048450748,1.1756277424905022,1.1100582449372456,1.092852677677932
2024-10-22,1.2979394416554506,1.1756764659872943,1.1110441071185349,1.093692019516336
2024-10-23,1.2974032730504153,1.1748333422177442,1.1094374610489308,1.092926151193642
2024-10-24,1.3091661081512198,1.1803617010398932,1.1140160852853433,1.0973007129198447
2024-10-25,1.3030715628171161,1.173844725309103,1.10881669262147,1.0922354324654466
2024-10-28,1.310172147865086,1.1840542784775847,1.1165993835765118,1.09986871993701
2024-10-29,1.3097612313369533,1.184328759736435,1.1189944140303418,1.1016862680897597
2024-10-30,1.3137124466305312,1.1827722803894611,1.120242003949248,1.1019426568922137
2024-10-31,1.305775436110671,1.1723469964041942,1.110614112026834,1.0934316880967814
2024-11-01,1.2911990613286426,1.1688242271217193,1.1073249444057698,1.0904673073552373
2024-11-05,1.2954800488879659,1.1734434568911283,1.1109309133386622,1.093639700398241
2024-11-06,1.282578886000115,1.1664786804398337,1.1050760066676577,1.0886287400709003
2024-11-07,1.30845326698347,1.1802558086949784,1.1163358646926635,1.0986222937927914
2024-11-08,1.3009531200636906,1.1800481222343178,1.1153688633819345,1.098757956006614
2024-11-11,1.2908110589110267,1.1823965414113196,1.116039713799609,1.0998114532569256
2024-11-12,1.2847811589193363,1.1774355933606249,1.1127419418704099,1.096883018593818
2024-11-13,1.2843214396709357,1.178940785216404,1.1135594598423095,1.098261259045927
2024-11-14,1.2885667735939037,1.1801715553318082,1.1141892332097425,1.0989123424478084
2024-11-15,1.293771185347488,1.1822666786083356,1.1144142879731695,1.0994197775966634
2024-11-18,1.2862432393268743,1.177472977976239,1.111737621229456,1.0963402783019993
2024-11-19,1.2909502495965821,1.177601025459662,1.1124272707741407,1.0967611829487338
2024-11-20,1.290357943187112,1.1761382881646567,1.1115951935184287,1.0959368071547022
2024-11-21,1.2944562248662927,1.1781500018793674,1.1136831366181064,1.0978702401725977
2024-11-22,1.2908281119540597,1.1807599316600694,1.1163758878561085,1.1004133571221506
2024-11-25,1.292718641494458,1.1860805866116366,1.117751698889404,1.1022733646117826
2024-11-26,1.2896859136147567,1.1867678341783356,1.1181297191513542,1.1027892663110874
2024-11-27,1.2841075279103566,1.1877122435228056,1.118514159660495,1.1032693155246438
2024-11-29,1.278023999263642,1.1848220609468587,1.1163845900475862,1.1007566228283783
2024-12-02,1.2676122380852852,1.1820128206670177,1.114774101516847,1.098397698685261
2024-12-03,1.2666599625550352,1.1793072517362813,1.1137612207956156,1.096849674734656
2024-12-04,1.2689854315871507,1.1827442977785272,1.1158990532251574,1.0992376556062926
2024-12-05,1.275083959260621,1.1850032633147214,1.1168412966241759,1.100308287145472
2024-12-06,1.2733420848744639,1.1867400749998966,1.1181469828412098,1.1016850406972565
2024-12-09,1.27324392775358,1.1847934064516294,1.1179695453371559,1.1004794739783623
2024-12-10,1.2806372333759262,1.1835444746908437,1.1189528759201035,1.1013322051641437
2024-12-11,1.2882165717316711,1.1844278146243015,1.1198815516031366,1.1022916446572606
2024-12-12,1.2877847338571091,1.1828811412233884,1.118610504767386,1.1011331141016776
2024-12-13,1.2845229623096537,1.1788759109463467,1.1139658124165037,1.0971037420036298
2024-12-16,1.2860279211188315,1.178893627220401,1.1145872807763089,1.097650068023835
2024-12-17,1.2885368584930024,1.1787891267524988,1.114277146510419,1.0976005115362646
2024-12-18,1.272128126913517,1.167161616328665,1.106619019978782,1.0902302052751833
2024-12-19,1.2703613466530328,1.1675119579189204,1.1071643193167808,1.090632659946539
2024-12-20,1.2965248152802833,1.1743503539792424,1.1111309362706445,1.0955030436207427
2024-12-23,1.2916808756596216,1.1729849001756854,1.1096770343353077,1.093821102863454
2024-12-24,1.2990803279309415,1.1752992499463255,1.1102790534929505,1.0949303581212548
2024-12-27,1.3008796221938834,1.173262857289325,1.1098964195134107,1.0945780341900178
2024-12-30,1.3016235888580112,1.1708711333028792,1.108011228085107,1.0932229905138857
2025-01-06,1.3046298222318575,1.1700469622654128,1.1037980513073438,1.088881402850228
2025-01-07,1.3072643386542007,1.1717479175060972,1.1041668788742518,1.088946336853418
2025-01-08,1.3088662364968253,1.1743443794262538,1.1035159960679908,1.088052050621158
2025-01-10,1.3021269740976278,1.166502894762248,1.096701777200914,1.0811097027024064
2025-01-14,1.3010762066500277,1.1660650944010793,1.0965620618418197,1.08081972919797
2025-01-15,1.3188557913821304,1.1781605869773606,1.104636816349861,1.0888696690261304
2025-01-16,1.310129049331532,1.1684026711178408,1.0973831912844942,1.081649902983564
2025-01-17,1.3041951172614337,1.165093500006873,1.0980889055773921,1.082607130374793
2025-01-21,1.3120647756659902,1.1693475122447474,1.1000328730059798,1.0844798042165102
2025-01-22,1.3133437799327368,1.1729569323013536,1.104341273349568,1.0886346348413212
2025-01-23,1.3186102072191164,1.1765750821681082,1.1057526274577916,1.0898968176618373
2025-01-24,1.3190713384639625,1.1753197801815956,1.1041119287890737,1.0882941899004113
2025-01-27,1.318879141125426,1.1737889906625463,1.1013124758080433,1.0862288314645903
2025-01-28,1.3158760409695411,1.1691188912461699,1.1011303061145543,1.0859021621250995
2025-01-29,1.3179117369437965,1.170968045885041,1.1009241132693766,1.0855937475418793
2025-01-30,1.3234208667626988,1.174482545248284,1.1045419796278773,1.0888700204838433
2025-01-31,1.3126872276107178,1.1682290123414751,1.1028103328630146,1.0872001537078673
2025-02-03,1.3131655280884915,1.1722870312992288,1.1024629442970406,1.0867330531000527
2025-02-04,1.321831146101269,1.178148054052777,1.1063620086875379,1.0903164374863479
2025-02-05,1.3201322368895883,1.1766411071161762,1.104568216104586,1.0884102072789466
2025-02-06,1.3116669224800137,1.167085685390352,1.0990870057750113,1.0828800291761458
2025-02-07,1.29709505263781,1.1553242940075954,1.0901649182876931,1.0735411219207143
2025-02-10,1.3078249030031082,1.1618526078486244,1.0938994779386944,1.0767544183158313
2025-02-12,1.3157662241365475,1.1665703764313395,1.093009963537639,1.0753015291260548
2025-02-13,1.3361773699911481,1.180676151662412,1.0999385751042685,1.0819585584656777
2025-02-14,1.3271299773178553,1.1757810735756313,1.1000087896650412,1.082700990461774
2025-02-18,1.3210740544310022,1.1719108189591496,1.1011829407359737,1.0836357218214907
2025-02-19,1.3218879201128564,1.1745719664944347,1.1034614613837692,1.08590316203028
2025-02-20,1.318135934621127,1.1697787602851337,1.0991255928942278,1.0816122504459325
2025-02-21,1.303030414930366,1.1595733060843592,1.0941577480250806,1.0771231229639255
2025-02-25,1.3065056565881055,1.161625759989032,1.0921428745259016,1.0756217497365335
2025-02-26,1.3039716234560739,1.1586096190316462,1.0900535851410704,1.0734772448573373
2025-02-27,1.299779942309602,1.1536617187432858,1.0855782757647332,1.0692087392817191
2025-02-28,1.3050147432871633,1.1613004202262156,1.08870729444357,1.0727440331415325
2025-03-03,1.3099137264301675,1.1656550600169273,1.0879113833225276,1.0719208219789738
2025-03-04,1.3001639390894506,1.1599239802549046,1.0855878934021979,1.069428288747241
2025-03-05,1.3107119318447715,1.1627276969841691,1.0804565049663457,1.0633502464225957
2025-03-06,1.2978242386021561,1.1568821988591633,1.0769614291356309,1.0599621291107344
2025-03-07,1.2939303908707922,1.153168036073766,1.0754586160903252,1.0586943075513167
2025-03-10,1.2825504322056045,1.1493042670264133,1.073527343382072,1.0573095230055662
2025-03-11,1.2770666033040747,1.142750193594775,1.0673454524169999,1.0506277703406612
2025-03-12,1.289664351310361,1.1509082275076061,1.072290266563673,1.0551924519040903
2025-03-13,1.2912543465561914,1.1488798024117186,1.0688289907544206,1.0515440559966462
2025-03-14,1.295662685979111,1.1521382612526232,1.0733521055082818,1.0559534326881728
2025-03-17,1.309663120737317,1.157904847769644,1.076072522599431,1.0582741825104973
2025-03-18,1.317304741771785,1.1631052346895323,1.0769277087861273,1.058963892098057
2025-03-19,1.3227315425174508,1.1673831261885879,1.0780649630669406,1.0597396242770134
2025-03-21,1.3198456192156125,1.166193884326187,1.0786645457104653,1.0604160555296434
2025-03-24,1.3278172545932214,1.1717192762219295,1.081553658799851,1.0631215895058002
2025-03-25,1.337965753466494,1.1784583042764054,1.0823902089476891,1.0635550229198147
2025-03-26,1.3316522798813935,1.171806065653124,1.0796126464929947,1.0607253129965117
2025-03-27,1.3319197684984085,1.1739858169246757,1.0836561381343133,1.0649536194390756
2025-03-28,1.3367140805207534,1.176624889359283,1.083034072154083,1.0646824347988326
2025-03-31,1.3258554327093044,1.1712355279229056,1.081744331241392,1.0635566317863117
2025-04-01,1.3298836172820954,1.1746102085712087,1.085141528993188,1.0669735104620062
2025-04-02,1.3295773896427359,1.1726798971481935,1.0831170024585213,1.0652400011559136
2025-04-03,1.3034663588271673,1.1614493891882682,1.0782580833088433,1.0573249485488725
2025-04-04,1.2624704364505366,1.1374950886779354,1.0599938748912192,1.0360330398702542
2025-04-07,1.226316285303167,1.1151649922626994,1.0511175184031298,1.0243613587723783
2025-04-08,1.2322187306485235,1.1255239342187606,1.0577656532986868,1.0316309563649588
2025-04-09,1.248608930686791,1.1319450737207226,1.0721779562273037,1.0459006753885358
2025-04-10,1.260949352435164,1.1414094863029098,1.0694561608556223,1.0450605808556674
2025-04-11,1.249679066518322,1.1342874378549146,1.0697226162318445,1.043151996139136
2025-04-14,1.2600542094518123,1.1429955435707766,1.0728874527650085,1.047228230122708
2025-04-15,1.2612492180688093,1.142800243619556,1.0712517231615155,1.046295855399047
2025-04-16,1.2669007138942308,1.1471104075016993,1.0741881971697678,1.0487640566124918
2025-04-17,1.2639227972476557,1.140649343688423,1.0673889553140445,1.0420407007463992
2025-04-22,1.2681309912616163,1.1443581691399434,1.0688584612239524,1.043795126690921
2025-04-23,1.279564475159117,1.1497139543851234,1.0719692349193943,1.0485274642834501
2025-04-24,1.2911819558798565,1.1588398913042,1.0793737607675298,1.0570910462631602
2025-04-25,1.291534232162029,1.1583110770007812,1.0774667247789393,1.0559326437577639
2025-04-28,1.2991828641991767,1.1649180999388735,1.083153943959025,1.0617023560161472
2025-04-30,1.2954351997200444,1.1616542915355625,1.0794464810067579,1.0582614203847858
2025-05-01,1.2995354888583337,1.1601571148146381,1.0785846437606834,1.0570260220917507
2025-05-02,1.324015027193816,1.179039156634604,1.0924666054198406,1.072294693115725
2025-05-07,1.3174810493421942,1.1758004894123633,1.0868302539046812,1.0670909563519144
2025-05-08,1.3175591603877068,1.1754047943498407,1.0845151904895456,1.0664365621371485
2025-05-09,1.3379506988018557,1.1899854340439782,1.0948596642415347,1.0775504798527966
2025-05-12,1.3397255192257123,1.189543454938438,1.0948261130710693,1.0785941747956107
2025-05-13,1.3572097350686252,1.2027521632977163,1.104146829659742,1.0901249760508918
2025-05-14,1.3506942762348066,1.1987964511906386,1.1007783398480675,1.0865917066229573
2025-05-15,1.3472164976223224,1.1937611605032084,1.1007070364206801,1.0852130210103481
2025-05-16,1.3423987480543589,1.1904098778630174,1.0955069265967199,1.0799778797512232
2025-05-19,1.343796168056326,1.1912967693453929,1.0973849200341832,1.0816410207754092
2025-05-20,1.3435336249611975,1.1935839640307884,1.099338166276293,1.083700324891046
2025-05-21,1.331927207699703,1.1887745613048253,1.098338982612732,1.081949117845791
2025-05-22,1.3256725204198507,1.18581927970029,1.0978027326557043,1.0806983908798986
2025-05-23,1.3324251063684158,1.1898157228055586,1.100692750000117,1.08370759713692
2025-05-27,1.3321175928034652,1.1878745899986733,1.09642514193522,1.0798651619303798
2025-05-28,1.34038740385902,1.1942632150014347,1.0997358054793982,1.083801131027456
2025-05-29,1.3548226330724469,1.2047516239486245,1.1049634916087367,1.0904227171281313
2025-05-30,1.3415333641171174,1.1948757005856734,1.0982990824401557,1.0825085761267454
2025-06-02,1.3479551700811052,1.1971157317801853,1.1033857584881068,1.0870532438483298
2025-06-03,1.3397946932667506,1.1908588184342366,1.0981382249841098,1.0816298838074672
2025-06-04,1.3531525004631644,1.2032751986052448,1.1075248729995484,1.0920392049197696
2025-06-05,1.3443966389412851,1.1942552958019126,1.1029114392793098,1.0861872073614127
2025-06-06,1.352287281984209,1.1992694938025625,1.1035408614671267,1.0881013202243845
2025-06-09,1.3641557884411544,1.2073696143511792,1.1083932203624007,1.094135279080798
2025-06-10,1.367064888663955,1.2101749528798962,1.1096422396074876,1.0954488585535689
2025-06-11,1.3709006315536476,1.2102464528037744,1.1107325578440512,1.0969559664804571
2025-06-12,1.370401921267099,1.2133438030760966,1.114533797576091,1.1003203674135449
2025-06-13,1.3616848321536843,1.2032850893708522,1.1071111436717378,1.0923305219768162
2025-06-16,1.3722017407546199,1.21317981852075,1.11301579891143,1.0993594626815786
2025-06-17,1.3768515230777736,1.2103290537778604,1.1096271466182042,1.0961930834544953
2025-06-18,1.3802218219877558,1.2112051198772975,1.1097555648781214,1.0963404013740268
2025-06-20,1.3825597127490228,1.2144151465253017,1.1099109528892033,1.0969482427676487
2025-06-23,1.3882425988541218,1.2253180942228012,1.12024136687826,1.1063139759825174
2025-06-24,1.389875191297309,1.2312773326111164,1.1257454634496211,1.1123292196096977
2025-06-25,1.3817863113704578,1.226532376341332,1.1246034302453005,1.1111159088264009
2025-06-26,1.3890672923008878,1.233248596403057,1.1290734653310481,1.1162146151597427
2025-06-27,1.388692602857981,1.2314684652376244,1.1259977294611239,1.1134038363938314
2025-06-30,1.3908127439395241,1.2327962145512141,1.1267504212572999,1.1145554529176822
2025-07-01,1.3883326308963173,1.2282920904545422,1.1215868677873582,1.1096223254089344
2025-07-02,1.3898135414519541,1.2262170266059889,1.119770088073408,1.1083700094957984
2025-07-03,1.3867301510455239,1.2247749086744883,1.1198746009232523,1.1079209599545004
2025-07-07,1.385616667676123,1.2230149927504257,1.119651632248996,1.1087296116509373
2025-07-08,1.4012430335000159,1.2317814950770234,1.122868880284325,1.1125382743175216
2025-07-09,1.410151958614674,1.2390567443779672,1.1272583469492727,1.1175962293928126
2025-07-10,1.4059571828603628,1.2370945150608235,1.1296133135133983,1.118423959095289
2025-07-11,1.4078547178498697,1.2342769910473907,1.1271314041317142,1.1173151696149688
2025-07-14,1.412494336125384,1.2402932832028604,1.134426173753753,1.1241523716055297
2025-07-15,1.4104908430006624,1.2400186827805102,1.1350756647164046,1.1242895597937275
2025-07-16,1.4194838170709343,1.2466224019784973,1.1409635833192155,1.1303651013471498
2025-07-17,1.4163825788979827,1.2432868238646062,1.1389830580541067,1.1285210601274283
2025-07-18,1.4222026485880164,1.2473351278272082,1.1418024116437446,1.1318138228734242
2025-07-22,1.4218922109298637,1.2467169407120564,1.1416672149781266,1.1312208674779152
2025-07-23,1.4213768862583127,1.2469801604532602,1.1428791391835678,1.1316032989476563
2025-07-24,1.4197194875587442,1.245039123985619,1.1410713853444319,1.1305811126992122
2025-07-25,1.4205722042655813,1.2465148952726712,1.1429492512911688,1.1320787176298275
2025-07-28,1.419991021340472,1.2443029043765943,1.1401157296584306,1.1311426358116816
2025-07-29,1.42847586846541,1.2451534872006007,1.1391033855156916,1.1320476997835864
2025-07-30,1.4089383706472047,1.2383032340853324,1.1348139451989225,1.1287967206858183
2025-07-31,1.407407396392171,1.2400455833155792,1.1402756547657364,1.1337482060618904
2025-08-01,1.4177135248475736,1.2521183890270606,1.153413575563402,1.146271143599568
2025-08-04,1.3982583454360349,1.238217086698892,1.1456074178610829,1.13610136570377
2025-08-05,1.3933770090945574,1.2363347169752152,1.1461969647447523,1.1356412538561662
2025-08-06,1.4015703345485928,1.2447233147672223,1.1554054162788334,1.1449587274802142
2025-08-07,1.4015185343895142,1.2450406808322412,1.1554159775420236,1.1441229625236868
2025-08-08,1.4022775149120519,1.246912628434439,1.1580484383400995,1.1468770195894025
2025-08-12,1.4092834111504406,1.2536191905613547,1.166876646706243,1.1549704138038055
2025-08-13,1.4122079742890978,1.2578319363640829,1.1702270832626405,1.1577040954422868
2025-08-14,1.4070106280611596,1.252247534328378,1.1618497434554649,1.1502699910671492
2025-08-15,1.4096481010574018,1.255716197581017,1.1678653649708484,1.1558026002590451
2025-08-18,1.4065714821004245,1.2540134186901584,1.1668753874102498,1.154686702425079
2025-08-19,1.409915239468689,1.2580632825689781,1.1706867346665455,1.1583602618063178
2025-08-20,1.412059780139615,1.2579633990452501,1.1704582041064182,1.1589296739631065
2025-08-21,1.4050213468199684,1.251276182547438,1.1641560420672001,1.1526068219423529
2025-08-22,1.4226822920971463,1.2639992936653732,1.1765875137957928,1.1659214206951942
2025-08-26,1.421789845407172,1.2639977244348728,1.1795296191563807,1.1676541701818153
2025-08-27,1.4205399017277789,1.2628560283613022,1.1795365869904917,1.168054931368233
2025-08-28,1.4231646686379475,1.264021668625606,1.1808621392457934,1.169363798399358
2025-08-29,1.4177869498132631,1.259571667991524,1.1778083129869548,1.16568451348993
2025-09-02,1.4200310904829776,1.2595018211364186,1.178216313914281,1.1666556606975707
2025-09-03,1.4264460929423946,1.2651643087967426,1.1856837027026235,1.1734058399104592
2025-09-04,1.4253269143116396,1.2656917564161012,1.1866487276777304,1.1742027073044379
2025-09-05,1.4333462415445706,1.2747126199776289,1.1961327693308936,1.1829930633020957
2025-09-08,1.4394902200749158,1.2801746833851468,1.2014878416802242,1.188453778485121
2025-09-09,1.4330262857987268,1.2751850673886642,1.1972056717952002,1.1837383693191692
2025-09-10,1.4353566078693447,1.2739330309401136,1.1969519145554146,1.1840263412118581
2025-09-11,1.4401382053971523,1.278490603486045,1.202094749721848,1.1877190654585013
2025-09-12,1.4401105026022056,1.2790885870746036,1.2035740386797555,1.1895331773263857
2025-09-16,1.440746055671173,1.2784489170705273,1.2016924236948816,1.18791491582065
2025-09-17,1.430392510224344,1.2736223378136753,1.1963678545991052,1.18160279268637
2025-09-18,1.4337473100287403,1.2760547506557234,1.198822186455347,1.1842597345107566
2025-09-19,1.4383536646002537,1.2811384270066986,1.2058571185938993,1.1910918555009804
2025-09-22,1.43972450729477,1.2801229199385047,1.2098641619143826,1.194579307117737
2025-09-24,1.4398793098634053,1.2775550071658397,1.204760977149711,1.1903203024984448
2025-09-25,1.4446497592041403,1.279670274725745,1.2076799734266017,1.1940215826270608
2025-09-26,1.4536396929488484,1.2846755851454361,1.2141241101235047,1.2010634794834283
2025-09-29,1.4547662316800951,1.288305370331177,1.2180901030690507,1.203314698593856
2025-09-30,1.450186921515603,1.2859235978254984,1.2187140504555531,1.2030448243639953
2025-10-01,1.4464035047004307,1.28305583633597,1.2149621091924427,1.1987748905987572
2025-10-02,1.4397282087400185,1.2777137946069612,1.2111577904889628,1.1952970170725985
2025-10-03,1.443550331284948,1.2783917999380279,1.2095172874678635,1.1947487648172224
2025-10-06,1.4673637418563084,1.300268007960995,1.2295685957016833,1.21615987017328
2025-10-07,1.473248133618466,1.3058922588426107,1.2333627915313894,1.2204935543573503
2025-10-08,1.488400440351261,1.31756694111543,1.2419269810715903,1.2293054269667707
2025-10-09,1.4879080601271402,1.3202617914158064,1.2424126283534243,1.231066785192713
2025-10-10,1.4743257383450876,1.3127720395929112,1.239687926365991,1.2263892316215201
2025-10-14,1.4757768765177286,1.3174497118833257,1.2461457219468384,1.2315334969089715
2025-10-15,1.4767720162852722,1.3172637910384828,1.2489059133257399,1.2342251183143043
2025-10-16,1.4764065046230863,1.317732106610843,1.2524205859845625,1.2376417775170958
2025-10-17,1.468651607187848,1.3103083787245493,1.245927567113691,1.230813896153232
2025-10-20,1.4847166779825198,1.3233837893901546,1.2575929751278232,1.243537301749613
2025-10-21,1.476102186414938,1.316323413375204,1.2492360478295819,1.2351117974159207
2025-10-22,1.4895340556240515,1.3239018729538152,1.2529891824855035,1.239618945499891
2025-10-23,1.4959429471430379,1.3255547717869096,1.252692955916844,1.2394515976542655
2025-10-27,1.5039750881046683,1.33191322413297,1.2567127999315004,1.244865614193448
2025-10-28,1.4964545865641365,1.327927422571146,1.2535524599361612,1.241558941214041
2025-10-29,1.4834996353965895,1.3153023308570757,1.2419334589703699,1.2296908237622475
2025-10-30,1.4868309900913026,1.3199170371166171,1.247839365530587,1.2352579169920377
2025-10-31,1.4951258412035924,1.3265781949447126,1.2520277782247868,1.240051270504938
2025-11-04,1.4886704612006492,1.3253810252333005,1.2533460413096118,1.240814101175174
2025-11-05,1.480605199628893,1.3165917973616479,1.2447184935635407,1.2317922947222617
2025-11-06,1.4855143153247206,1.3215425048801166,1.248595929813025,1.236213827891771
2025-11-07,1.4790462450639823,1.3165010577794694,1.2463177178564966,1.23310657331504
2025-11-10,1.4967103639435069,1.329523517179578,1.256326864947817,1.2444381617144376
2025-11-11,1.5068003138261274,1.337643464947786,1.2646236700046378,1.2524040471075337
2025-11-12,1.506072114247832,1.339342683965711,1.2682599410622306,1.2565343322832112
2025-11-13,1.5038966749390266,1.3390071007538868,1.267692815215624,1.2560971793935587
2025-11-14,1.5011157599660137,1.3359289715408056,1.264102290079087,1.2525399371620287
2025-11-17,1.4947807953441608,1.3337499372165633,1.2630165288256623,1.2512525001420158
2025-11-18,1.495659610932625,1.3339164016540461,1.2612873827323448,1.248405857392269
2025-11-19,1.495397156168056,1.3362263001117551,1.2628668565455161,1.2507132346963208
2025-11-20,1.4997430249639865,1.3442823203155576,1.2695595201430745,1.258084137845969
2025-11-21,1.508464731561705,1.3507787596871235,1.2740438986537617,1.26320117553178
2025-11-25,1.51430532558128,1.3571086105605301,1.2796345501950244,1.2687855465158555
2025-11-26,1.519830352320734,1.3581966894316586,1.280085149164923,1.270324868217817
2025-11-28,1.5251301525853067,1.3592195688640094,1.2795826621898576,1.2701587629268096
2025-12-01,1.5157711915067917,1.3538776389723355,1.275298010399648,1.2651547376393903
2025-12-02,1.5110391683591629,1.34965138559555,1.2717522382175908,1.2613468029373671
2025-12-03,1.515110636216745,1.3524610954883858,1.2697260021394416,1.2602322624318563
2025-12-04,1.5140801068388874,1.3514690086652232,1.271562088548407,1.262188815471354
2025-12-05,1.5136184727030682,1.3492988809579956,1.2669593858624366,1.257723695129663
2025-12-08,1.5095034907508498,1.3486811853586114,1.266860687915686,1.2578590223668429
2025-12-09,1.5110734668286763,1.3524050521817366,1.2728735046644089,1.26327911317653
2025-12-10,1.5248858012825033,1.362273146561742,1.2782590953422364,1.2692168068723737
2025-12-11,1.5205289535852382,1.3580824770472173,1.276149617422603,1.2672217218433894
2025-12-12,1.5156327648705032,1.3578986494641074,1.2811899970673928,1.2720095418545065
2025-12-15,1.518665071079843,1.3607366388656734,1.282839325465973,1.2741804447317788
2025-12-16,1.5069375218393068,1.3535968073138283,1.2782384424155635,1.2687598820266957
2025-12-17,1.508955442482256,1.3516696484796538,1.276335739747421,1.2671085583433122
2025-12-18,1.5161802093605077,1.3587645566525846,1.2813878123672038,1.2722643746260598
2025-12-19,1.5196956946718265,1.3606521648120673,1.2817778657123295,1.273154217156814
2025-12-22,1.542354246446677,1.3784225078006893,1.295409170991128,1.2872039234079145
2025-12-23,1.5441988006458256,1.3788217667288818,1.2974300435397301,1.2895703234324585
2025-12-24,1.5415424872175296,1.3766009180376695,1.29588196620147,1.2879218411801905
2025-12-29,1.5377501479723745,1.37639875635191,1.296810739174776,1.287365621670122
2025-12-30,1.537859450481866,1.3739658929326353,1.2923105222929943,1.2837619101588171
2026-01-05,1.5523640702687533,1.380226713790815,1.299363095795425,1.2900077088858137
2026-01-06,1.5568624670003306,1.3866449915489862,1.3117612313597076,1.3042925640758363
2026-01-07,1.5523066749256595,1.385758581691383,1.310690496003135,1.3059042199081996
2026-01-08,1.5551271918605465,1.3819569192473629,1.3014016242338695,1.2962348484255533
2026-01-09,1.5604652518299944,1.3856102211397892,1.3054704739561356,1.3000751108274542
2026-01-13,1.5636742124327387,1.388329050299293,1.3029851214850015,1.2993667999113372
2026-01-14,1.576080232012811,1.398938423035487,1.313002945475754,1.309961134585268
2026-01-15,1.5697310419461339,1.3949744846129604,1.314609838427485,1.314554902160079
2026-01-16,1.567507630535337,1.3929956005416222,1.3107443366307898,1.3117244417769056
2026-01-20,1.5604517391607033,1.3937470112213386,1.311308707500947,1.3091227070626226
2026-01-21,1.566966240727865,1.3961538371095814,1.3071347525553836,1.303434152070289
2026-01-22,1.5711475456742963,1.3999281936574886,1.3149666668905766,1.3115903315334507
2026-01-23,1.5805560595147263,1.4060680137479797,1.3155083338209768,1.311982405455003
2026-01-26,1.5585702918828386,1.3864385451497325,1.3043126716850943,1.2979675439913823
2026-01-27,1.5604830302206345,1.383546329361872,1.29897935962982,1.2918285456434375
2026-01-28,1.5527868771722242,1.3752172156596303,1.2952827695593445,1.285525140284205
2026-01-29,1.5683772077482556,1.3836620433496154,1.3010220518974647,1.292031582863191
2026-01-30,1.5507790107819999,1.3733714368833063,1.2794220940443213,1.2779008808736765
2026-02-02,1.5527784006217316,1.3816783115943743,1.2899326300039673,1.2890378536175986
2026-02-03,1.5688590923752732,1.388352912465572,1.2977828308951334,1.295345644862245
2026-02-04,1.571534666232572,1.393298520760462,1.2987635514374916,1.3001911041341223
2026-02-05,1.572421937685436,1.3981048610499425,1.2990431322959408,1.3038979960396526
2026-02-06,1.5815560559700426,1.3979275091122796,1.3034975111783824,1.3062117801805428
2026-02-09,1.5972742376106415,1.4117353422685412,1.3124381264024285,1.3182301381313812
2026-02-10,1.5956760270718848,1.4070134968534072,1.3092263708538712,1.3192865896097217
2026-02-12,1.5738055637043713,1.3957608219708797,1.3016914534636483,1.3150786096220868
2026-02-13,1.5724173256762606,1.3922548871870057,1.2998632304689832,1.3107814674821434
2026-02-17,1.5770863069960794,1.3971360279726672,1.300443864380701,1.3162242919590363
2026-02-18,1.579513960963868,1.3916319048588988,1.292098701809051,1.3044954231328378
2026-02-19,1.593737168162605,1.400668861737637,1.2931819157900715,1.3076708429766304
2026-02-20,1.6040020319476613,1.4071709009669313,1.3016128292938092,1.3153633216639562
2026-02-24,1.6090980356272806,1.408968826403787,1.3055087375008119,1.3199647228544762
2026-02-25,1.6229369605209278,1.4237633173441469,1.320059052667134,1.336332748433528
2026-02-26,1.6309790760422296,1.4317970087651395,1.3265540517415417,1.3457472518592761
2026-02-27,1.6328148890433323,1.427037614574339,1.3193543448276248,1.3399724224795464
2026-03-02,1.6344971054272845,1.4206778153246136,1.30217608388962,1.3185541469981243
2026-03-03,1.6177024043303643,1.4096405095527753,1.2785595487999992,1.2918999644043263
2026-03-04,1.6240913990041592,1.4103309551338343,1.274293704752364,1.2844727409183745
2026-03-05,1.614618831408906,1.3973976840960254,1.2556134366848823,1.2653968571646588
2026-03-09,1.6129053482383857,1.402186422063589,1.2649257196047332,1.2697819912325534
2026-03-10,1.6192704259791202,1.4064163687911346,1.2667414909033923,1.2751952680584515
2026-03-11,1.6186023510739604,1.403211910833794,1.2597648014441867,1.2669410352412418
2026-03-12,1.621556336515227,1.3968171320347156,1.228341705216614,1.2352505161415206
2026-03-13,1.616257630555055,1.3907433261699353,1.2179625852468554,1.2251753596734
2026-03-16,1.6208275753138497,1.3974928028097,1.2369658361624425,1.2444240434166531
2026-03-17,1.627268865956166,1.4000350507420114,1.2294647719236094,1.2394432109044229
2026-03-18,1.6185116572883573,1.391135425968303,1.211626749266115,1.2256222189730857
2026-03-19,1.6055973533667134,1.388000018497193,1.2108560449016528,1.2205567883172643
2026-03-23,1.6048655404871248,1.4007175918402017,1.23802195101946,1.2444674467627077
2026-03-24,1.6039056944145162,1.3951455583889498,1.2265444322072312,1.2341170796021421
2026-03-25,1.6175361070515226,1.4056298387632422,1.2394674289687742,1.2481170205321046
2026-03-26,1.6078490795131428,1.3945355353457582,1.2183929619206395,1.2269087624120307
2026-03-27,1.615009867648831,1.3923754911125086,1.2035390320357822,1.2095456092510561
2026-03-30,1.625144198884177,1.392213532305788,1.1915638857644082,1.19735826133903
2026-03-31,1.632132090208023,1.3957615769162497,1.2017645172028169,1.2052279916885704
2026-04-01,1.6373241508873875,1.395322571606206,1.2035120794206964,1.2081533259524722
2026-04-02,1.6472356428805865,1.4028269370948834,1.2155110798715612,1.2173066240904542
2026-04-07,1.645011747467152,1.402063886717428,1.214280183206942,1.21659801911074
2026-04-08,1.6624064035999646,1.4163325030294462,1.2198572841706086,1.2286315628680355
2026-04-09,1.660993835046193,1.4158970562140074,1.2224022593868336,1.2288780071278835
2026-04-10,1.665328376563365,1.4207669786530073,1.2249112500767954,1.2326898373474549
2026-04-13,1.6760888394222184,1.4273607275725857,1.2304593681904905,1.2379902504579032
2026-04-14,1.6863561706962862,1.4356123237826015,1.234249297396472,1.2441310758992346
2026-04-15,1.6844096993429176,1.4335238874301532,1.2332879441187954,1.2438285915688652
2026-04-16,1.6876304085748401,1.4352637891258946,1.2377208424713781,1.2475247832847354
2026-04-17,1.6936037581443426,1.4425744935485771,1.239161364665353,1.2508371586093328
2026-04-20,1.6915663736149682,1.4381934213204122,1.2380386331390674,1.2480926640911996
2026-04-21,1.682046796500664,1.4318884843213109,1.2369215565465894,1.2459124262650947
2026-04-22,1.6918759894798374,1.4389893278422414,1.2430002397816855,1.2515757882762535
2026-04-23,1.6890866065252124,1.4364053295617096,1.242379811196762,1.2494958355124663
2026-04-24,1.6917290714970314,1.4390378049029484,1.2424217208547503,1.2503731003601783
2026-04-27,1.6905536220648596,1.4386294999065115,1.2433232230401319,1.2511870704084311
2026-04-28,1.6873279297203807,1.4376211721684855,1.2476518812910953,1.2544261970324426
2026-04-30,1.699262545643443,1.4468440834543368,1.2508400020232002,1.2582990072360751
2026-05-01,1.6723203438114869,1.4233209688521826,1.2328550155018911,1.2400286658707995
2026-05-07,1.6592047666260108,1.4123929233788501,1.2321831427806904,1.2375544041659334
2026-05-08,1.6670410071064636,1.416352047013149,1.2311267300681967,1.2380297727029093
2026-05-11,1.673393911064685,1.4208271706359121,1.238684750842725,1.2442795108266085
2026-05-12,1.6774115258016178,1.424170634756793,1.2470710646994958,1.250777937114667
2026-05-13,1.678195936632954,1.4264537673068087,1.2487551190767274,1.2534276918863376
2026-05-14,1.6797628610476123,1.4288119778769655,1.250583266987081,1.2553942838062702
2026-05-15,1.6637273014184144,1.4181602973583973,1.2443301938703233,1.2466286986201771
2026-05-18,1.666662863808221,1.419865582972076,1.2471860789762048,1.2478304843281074
2026-05-19,1.6667458502725192,1.4232919080701762,1.2514627443158572,1.2529213542828064
2026-05-20,1.6740214467858345,1.4283345169554715,1.2506813586887742,1.2535134608397074
2026-05-21,1.6745470149609678,1.4287179295789605,1.2505388687493004,1.253609905886079
2026-05-22,1.678035386404912,1.432767167439477,1.2555039744136185,1.260539620351145
2026-05-26,1.6855293346238682,1.4398762942406491,1.2586849395085677,1.2652376184469425
2026-05-27,1.6809396376920491,1.4379428558127247,1.2538638596462732,1.2623349229118275
2026-05-28,1.6861259065103433,1.4408778154265285,1.2562168083881264,1.264314184782947
2026-05-29,1.6855526733744575,1.4409267788508444,1.2557923581747898,1.2644540548957526
2026-06-01,1.6873694145741363,1.441708013400202,1.2588861277553869,1.266794607312626
2026-06-02,1.6951129701531695,1.4460305391014516,1.2620767736582255,1.2696391388634547
2026-06-03,1.6917679623159418,1.4451827114853828,1.2640799223091868,1.2713422213749974
2026-06-04,1.6902179378612872,1.4455025373364034,1.2636522471786988,1.2704611187430053
2026-06-05,1.6666187799677281,1.4332732892087892,1.2533554594719942,1.2609194571909565
2026-06-08,1.6682477189796636,1.4303927244938932,1.2462758162082048,1.2533531882884619
2026-06-09,1.6674165127202678,1.4290254681903107,1.2450669534779875,1.253614677040571
2026-06-10,1.662250887841762,1.4267150072283685,1.2420422223757384,1.2513260756311118
2026-06-11,1.67636936599323,1.4361605742912764,1.2435352344963622,1.2547047855207507
2026-06-12,1.6805401670185596,1.4387362831213575,1.246067319097494,1.2588270644050805
2026-06-15,1.6898499351210796,1.4439804907882166,1.2508143053864198,1.264686755213817
2026-06-16,1.683242796850833,1.444160530120294,1.2514760327047203,1.2653753211871126
2026-06-17,1.6750466860752757,1.4400862124038416,1.2477843424811519,1.2624148379900284
2026-06-18,1.6775640006780452,1.4389368447391615,1.2461162155103436,1.261327252214729
2026-06-22,1.682469126206403,1.4438609486808918,1.2505859211335066,1.2665380054724458
2026-06-23,1.6691272794001728,1.4371178884344256,1.2417718754264704,1.258116550381768
2026-06-24,1.6618266195526314,1.4328368612565594,1.2352046072135676,1.2533823836884348
2026-06-25,1.6723108073441204,1.436594508683486,1.239846369495168,1.2573883411592404
2026-06-26,1.672459654569456,1.4362651351232534,1.2353639758789048,1.2540543695119364
2026-06-29,1.6743211963518705,1.4382538024660947,1.2379190264217994,1.2568864399794055
2026-06-30,1.678225088247487,1.4431237209097463,1.2413036859279563,1.260960988526398
2026-07-01,1.6744383623467958,1.4454784863033276,1.2398327612232678,1.260890833620152
2026-07-02,1.6813149838068617,1.4488115014007672,1.2382063003654593,1.2603141710175316
2026-07-06,1.6822753304615388,1.4484070174590506,1.238428758300302,1.2591420459609528
2026-07-07,1.6848816844577115,1.4525851283830393,1.2413143599256629,1.2636605363480589
2026-07-08,1.677351140135643,1.4452033577962495,1.2348631405629322,1.2556116112299605
2026-07-09,1.6832796321341978,1.4529829679780686,1.2385458450507798,1.2598635517887296
2026-07-10,1.685866055376665,1.4533724026250932,1.2423144214084978,1.2637627657674366
2026-07-13,1.6789350099946854,1.4434550009750502,1.2401634781254076,1.2627261159836678
2026-07-14,1.6926472353624218,1.448781437605774,1.242780173428092,1.264628782952585
2026-07-15,1.6961994188142526,1.4498546373333272,1.2423135122196705,1.264267735914105
2026-07-16,1.6912881089208636,1.4551841398617862,1.2484138125104955,1.272332825484554
2026-07-17,1.6930721234060664,1.4519761641408293,1.241621492719239,1.265767240824854
2026-07-21,1.7073782973569802,1.4561358086353127,1.2443511996438334,1.2675275085197362
2026-07-22,1.7134819608578291,1.4588630737295807,1.2441436188212949,1.2672347616880306
2026-07-23,1.70878455432335,1.4536109619448971,1.2462284219610653,1.26864330848858
2026-07-24,1.7125433089786626,1.459385454513827,1.2471767810814152,1.2715323104532903
2026-07-27,1.709389249288609,1.461627508216991,1.246623315319742,1.2712024308860324
2026-07-28,1.7020523740786488,1.4594192569224702,1.2419639369047955,1.2677776872031417
2026-07-29,1.7053182778241542,1.4547361038284676,1.2370763140447412,1.2627780850564214
2026-07-30,1.7114916178991553,1.4601917688605641,1.2409633366083788,1.2654093537012674
2026-07-31,1.6862344668840215,1.4378321260564493,1.2353913197780118,1.2589635069184448
2026-08-03,1.6603932535066872,1.4184875918814654,1.2238231896466905,1.247512630307269
2026-08-04,1.6605826677758893,1.4208143396934039,1.2264334562465662,1.2496925039854991
2026-08-05,1.6689946046508017,1.4241153543543787,1.2241315244673785,1.2474295947680323
2026-08-06,1.669250125562972,1.4213837942802188,1.222214137725422,1.2454119580175136
2026-08-07,1.6777294465679051,1.430450570891384,1.225174194340214,1.2482912831775002
2026-08-10,1.6790740983097703,1.4236710687957128,1.2183673718913481,1.2408108192202791
2026-08-12,1.6839071220457762,1.4271846576197467,1.2195815640697272,1.2417128543022382
2026-08-13,1.6844562540530703,1.431109482726548,1.2257252801632923,1.2484049689821157
2026-08-14,1.6854891438018842,1.4296172198302364,1.224250293930104,1.2468851762834956
2026-08-17,1.6865843118321038,1.4292953755868885,1.2228014497945132,1.244371245848733
2026-08-18,1.6770890073400946,1.4261712556306132,1.220220291713854,1.2425533050134228
2026-08-19,1.685025621308282,1.4279633718015587,1.2113932036799049,1.2336928812296641
2026-08-20,1.6800291022239764,1.4195032305376774,1.207163477251539,1.2286419144098484
2026-08-21,1.6920810873809007,1.4290131359459959,1.2119997406850433,1.2336082671410848
2026-08-24,1.6914380245430305,1.4293756513448097,1.208694350325091,1.2310543678823476
2026-08-25,1.6955267433583374,1.435857978156912,1.213778144208025,1.2359259529885982
2026-08-26,1.6927303834096112,1.4349318796004604,1.2149871063511721,1.236755867512603
2026-08-27,1.6930370854896488,1.432281707388273,1.212688879057224,1.2337528419220731
