forecast_origin,horizon_day,asset,daily_volatility_pct,annualized_volatility_pct
2026-08-27,1,Japan Equity,0.9216520120128734,14.630772114770267
2026-08-27,1,US Equity,0.8599849439081302,13.651837757044463
2026-08-27,1,Europe Equity,0.9595173282409577,15.231865375096243
2026-08-27,1,Emerging Equity,1.3985208431182268,22.20083012538723
2026-08-27,1,Japan Government Bond,0.2790735940798183,4.43015596452112
2026-08-27,1,US Treasury 7-10Y,0.6309416728998296,10.015888549680064
2026-08-27,1,Germany Government Bond,0.5270176681768411,8.366146119198484
2026-08-27,1,UK Gilt,0.6310055264060443,10.016902192666763
2026-08-27,1,US IG,0.6682037708690614,10.607406017010735
2026-08-27,1,US HY,0.5372037274717909,8.527844797603654
2026-08-27,1,Europe IG,0.5003432186669011,7.942702360621386
2026-08-27,1,Europe HY,0.4604049393951347,7.308701832151747
2026-08-27,1,US REIT,1.1312351787232235,17.957801743376134
2026-08-27,1,Japan REIT,0.6171727921782032,9.797314344353252
2026-08-27,1,Europe REIT,0.9707365639341918,15.409965220363345
2026-08-27,1,Crude Oil,2.8712930330082678,45.5803638391935
2026-08-27,1,Gold,1.6103018523825536,25.562749422905277
2026-08-27,1,Copper,1.6307956657449454,25.88807862433885
2026-08-27,1,USDJPY,0.46916088073987616,7.447698091906473
2026-08-27,1,EURJPY,0.3720575729101258,5.906230867910849
2026-08-27,1,GBPJPY,0.43485524329439607,6.9031129804167595
2026-08-27,1,AUDJPY,0.4995820773316722,7.930619616507862
2026-08-27,2,Japan Equity,1.0082855869705931,16.006037481929862
2026-08-27,2,US Equity,0.871637254502979,13.836812453243983
2026-08-27,2,Europe Equity,0.9702204442554674,15.401772074463436
2026-08-27,2,Emerging Equity,1.3986555002761307,22.202967741499645
2026-08-27,2,Japan Government Bond,0.29682679458361255,4.711979285572157
2026-08-27,2,US Treasury 7-10Y,0.6322980225911491,10.037419933524486
2026-08-27,2,Germany Government Bond,0.5450193028627608,8.651913210627951
2026-08-27,2,UK Gilt,0.6583065745415546,10.450292896054547
2026-08-27,2,US IG,0.6701162160448026,10.637765142997074
2026-08-27,2,US HY,0.5391420102213152,8.558614082358263
2026-08-27,2,Europe IG,0.5178441761775959,8.220521448294225
2026-08-27,2,Europe HY,0.4740549604289876,7.525389198429999
2026-08-27,2,US REIT,1.1524343857405612,18.294328721934036
2026-08-27,2,Japan REIT,0.655817784054716,10.410784571893437
2026-08-27,2,Europe REIT,0.9756060348541195,15.48726567478688
2026-08-27,2,Crude Oil,2.8623952700967132,45.43911623186078
2026-08-27,2,Gold,1.6130410090930662,25.606232187653582
2026-08-27,2,Copper,1.68715800277494,26.782802986889486
2026-08-27,2,USDJPY,0.47415396580414976,7.526960860036826
2026-08-27,2,EURJPY,0.3928725175174618,6.236657869818426
2026-08-27,2,GBPJPY,0.45182871910973466,7.17255855576729
2026-08-27,2,AUDJPY,0.5424141652614013,8.610557933282148
2026-08-27,3,Japan Equity,1.0703686523580254,16.99157559179211
2026-08-27,3,US Equity,0.8824312788276402,14.008162277295794
2026-08-27,3,Europe Equity,0.9800005172518186,15.557025920177855
2026-08-27,3,Emerging Equity,1.3987864484734103,22.205046479687446
2026-08-27,3,Japan Government Bond,0.3112180800594634,4.940433860065981
2026-08-27,3,US Treasury 7-10Y,0.6336307531150099,10.058576374709288
2026-08-27,3,Germany Government Bond,0.5597524190793496,8.885794179904591
2026-08-27,3,UK Gilt,0.6772666517694931,10.75127479115677
2026-08-27,3,US IG,0.671973693566596,10.66725168452842
2026-08-27,3,US HY,0.5410563222061208,8.58900284301978
2026-08-27,3,Europe IG,0.5316996453912134,8.440470203318284
2026-08-27,3,Europe HY,0.4862762487306683,7.7193961357124214
2026-08-27,3,US REIT,1.1653581963579085,18.499487855242823
2026-08-27,3,Japan REIT,0.6805234994383884,10.802975645096275
2026-08-27,3,Europe REIT,0.9803911804854012,15.563227506752472
2026-08-27,3,Crude Oil,2.8536364889301877,45.3000748913328
2026-08-27,3,Gold,1.6157279428100746,25.648885938080696
2026-08-27,3,Copper,1.7267044738245994,27.41058375265517
2026-08-27,3,USDJPY,0.4790950162118054,7.605397603601373
2026-08-27,3,EURJPY,0.4106852552079389,6.519426314407803
2026-08-27,3,GBPJPY,0.4663568272916961,7.403185123385566
2026-08-27,3,AUDJPY,0.5731579603097035,9.098600549619027
2026-08-27,4,Japan Equity,1.1159274579856817,17.714799210111558
2026-08-27,4,US Equity,0.8924411287352879,14.167063718396108
2026-08-27,4,Europe Equity,0.9889461148259161,15.699032879237404
2026-08-27,4,Emerging Equity,1.3989137902028073,22.20706796697248
2026-08-27,4,Japan Government Bond,0.3230264427931058,5.127885807170344
2026-08-27,4,US Treasury 7-10Y,0.6349403299620965,10.079365262670002
2026-08-27,4,Germany Government Bond,0.5718836768005169,9.078371926028437
2026-08-27,4,UK Gilt,0.6905846619115452,10.962691647921407
2026-08-27,4,US IG,0.6737779426012783,10.695893250022408
2026-08-27,4,US HY,0.5429470668363279,8.619017483525331
2026-08-27,4,Europe IG,0.5427447581383479,8.615805932507808
2026-08-27,4,Europe HY,0.4972560242057747,7.893694667863166
2026-08-27,4,US REIT,1.1732834605193305,18.62529752351651
2026-08-27,4,Japan REIT,0.6966126952239506,11.058383710158033
2026-08-27,4,Europe REIT,0.9850939744379693,15.637882046346514
2026-08-27,4,Crude Oil,2.8450148541475015,45.163210682153924
2026-08-27,4,Gold,1.6183637408623635,25.690727934995966
2026-08-27,4,Copper,1.7547003252985365,27.8550041171044
2026-08-27,4,USDJPY,0.48398562564416986,7.683033621506871
2026-08-27,4,EURJPY,0.4260633855445766,6.76354656540709
2026-08-27,4,GBPJPY,0.47886533496226263,7.601751526798744
2026-08-27,4,AUDJPY,0.595706107155607,9.456541284096785
2026-08-27,5,Japan Equity,1.1498578179044376,18.25342697555121
2026-08-27,5,US Equity,0.9017328229602362,14.314564791462114
2026-08-27,5,Europe Equity,0.9971357309616093,15.829039005006162
2026-08-27,5,Emerging Equity,1.3990376251065826,22.209033785126593
2026-08-27,5,Japan Government Bond,0.33280035521068363,5.283041856728566
2026-08-27,5,US Treasury 7-10Y,0.6362272073848212,10.099793808440124
2026-08-27,5,Germany Government Bond,0.5819188893905254,9.237675987229398
2026-08-27,5,UK Gilt,0.700008947338101,11.11229754106035
2026-08-27,5,US IG,0.6755306375546772,10.723716419847518
2026-08-27,5,US HY,0.5448146375093725,8.648664248865613
2026-08-27,5,Europe IG,0.551594576950383,8.756292450855566
2026-08-27,5,Europe HY,0.5071487810568749,8.050737314316214
2026-08-27,5,US REIT,1.1781604865276247,18.702717911249756
2026-08-27,5,Japan REIT,0.707205156347745,11.22653381759211
2026-08-27,5,Europe REIT,0.9897163226973437,15.711259550151135
2026-08-27,5,Crude Oil,2.836528546348185,45.02849472223709
2026-08-27,5,Gold,1.6209494642153524,25.731775020703285
2026-08-27,5,Copper,1.774636852095856,28.171486668576897
2026-08-27,5,USDJPY,0.488827308056095,7.759892947041528
2026-08-27,5,EURJPY,0.4394289135142074,6.975717744299417
2026-08-27,5,GBPJPY,0.4896850803552458,7.7735096601519675
2026-08-27,5,AUDJPY,0.6124695993200246,9.72265347232896
